manufacturer,season,mfg_season_races,mfg_season_wins,mfg_season_top_5,mfg_season_top_10,mfg_season_top_20,mfg_season_win_pct,mfg_season_cars_raced,mfg_season_car_win_pct,mfg_season_avg_start,mfg_season_avg_finish,mfg_season_avg_laps_led,mfg_season_laps_led
'46 Buick,1949,2,0,0,1,2,0.0,2,0.0,6.0,14.5,0.0,0
'46 Chrysler,1949,1,0,0,1,1,0.0,1,0.0,,10.0,0.0,0
'46 Ford,1949,3,0,1,2,4,0.0,7,0.0,30.5,18.29,0.0,0
'46 Hudson,1949,2,0,0,1,2,0.0,4,0.0,1.0,19.75,1.25,5
'47 Buick,1949,5,0,2,3,5,0.0,7,0.0,18.67,15.0,12.14,85
'47 Chrysler,1949,4,0,0,2,3,0.0,4,0.0,15.0,13.5,0.0,0
'47 Ford,1949,6,0,1,1,10,0.0,21,0.0,23.0,20.95,0.0,0
'47 Hudson,1949,4,0,0,1,3,0.0,4,0.0,20.5,18.75,0.0,0
'47 Kaiser,1949,2,0,0,0,1,0.0,2,0.0,,19.0,0.0,0
'47 Mercury,1949,1,0,0,0,1,0.0,1,0.0,26.0,13.0,0.0,0
'47 Oldsmobile,1949,1,0,0,0,0,0.0,1,0.0,,22.0,0.0,0
'48 Buick,1949,3,0,0,0,3,0.0,4,0.0,9.0,17.5,0.0,0
'48 Cadillac,1949,2,0,0,0,1,0.0,2,0.0,42.0,27.5,0.0,0
'48 Ford,1949,5,0,0,1,6,0.0,8,0.0,16.5,18.88,0.0,0
'48 Kaiser,1949,1,0,0,0,1,0.0,1,0.0,,11.0,0.0,0
'48 Lincoln,1949,1,0,0,0,1,0.0,1,0.0,,14.0,0.0,0
'48 Mercury,1949,2,0,0,0,1,0.0,2,0.0,,20.0,0.0,0
'48 Nash,1949,2,0,0,0,2,0.0,2,0.0,,19.5,0.0,0
'48 Oldsmobile,1949,2,1,1,2,2,0.5,2,0.5,9.0,5.0,100.0,200
'49 Buick,1949,2,0,0,0,1,0.0,5,0.0,21.0,31.0,0.0,0
'49 Cadillac,1949,4,0,2,4,5,0.0,6,0.0,13.0,12.5,30.0,180
'49 Chevrolet,1949,3,0,3,4,4,0.0,4,0.0,12.0,5.5,0.0,0
'49 Ford,1949,7,0,5,14,21,0.0,27,0.0,23.86,12.7,0.0,0
'49 Hudson,1949,3,0,1,1,4,0.0,6,0.0,5.5,16.67,0.0,0
'49 Kaiser,1949,3,0,0,1,3,0.0,4,0.0,38.0,16.5,0.0,0
'49 Lincoln,1949,8,2,3,3,10,0.25,17,0.11765,10.44,18.82,15.18,258
'49 Mercury,1949,6,0,3,6,10,0.0,10,0.0,17.5,9.3,0.0,0
'49 Nash,1949,1,0,0,0,1,0.0,1,0.0,44.0,17.0,0.0,0
'49 Oldsmobile,1949,8,4,14,25,31,0.5,41,0.09756,6.38,12.17,12.51,513
'49 Plymouth,1949,6,1,3,5,6,0.16667,6,0.16667,16.5,5.33,32.67,196
'49 Studebaker,1949,1,0,0,0,0,0.0,1,0.0,,21.0,0.0,0
Kaiser,1949,1,0,1,1,1,0.0,1,0.0,,2.0,0.0,0
Oldsmobile,1949,1,0,0,0,1,0.0,1,0.0,,16.0,0.0,0
–,1949,1,0,0,1,4,0.0,4,0.0,,12.25,0.0,0
'46 Ford,1950,4,0,1,2,4,0.0,5,0.0,,15.6,0.0,0
'46 Plymouth,1950,1,0,0,0,1,0.0,1,0.0,,19.0,0.0,0
'46 Pontiac,1950,1,0,0,0,1,0.0,1,0.0,41.0,19.0,0.0,0
'47 Buick,1950,6,0,0,1,4,0.0,7,0.0,13.0,17.14,1.71,12
'47 Ford,1950,8,0,1,4,8,0.0,11,0.0,27.5,14.36,0.0,0
'47 Hudson,1950,4,0,0,0,0,0.0,4,0.0,29.5,28.0,0.0,0
'47 Mercury,1950,1,0,0,0,0,0.0,1,0.0,,28.0,0.0,0
'47 Nash,1950,2,0,0,0,1,0.0,2,0.0,13.0,28.0,0.0,0
'47 Packard,1950,2,0,0,0,1,0.0,2,0.0,,21.5,0.0,0
'47 Plymouth,1950,2,0,0,0,0,0.0,2,0.0,,21.5,0.0,0
'47 Pontiac,1950,1,0,0,0,0,0.0,1,0.0,39.0,36.0,0.0,0
'48 Buick,1950,2,0,0,0,2,0.0,2,0.0,16.0,16.0,0.0,0
'48 Cadillac,1950,1,0,0,1,1,0.0,1,0.0,4.0,6.0,0.0,0
'48 Ford,1950,4,0,0,1,3,0.0,4,0.0,,17.75,0.0,0
'48 Hudson,1950,1,0,0,0,0,0.0,1,0.0,32.0,33.0,0.0,0
'48 Kaiser,1950,1,0,0,0,0,0.0,1,0.0,,41.0,0.0,0
'48 Mercury,1950,2,0,0,0,1,0.0,2,0.0,11.0,21.0,15.5,31
'48 Nash,1950,1,0,0,1,3,0.0,3,0.0,,11.33,0.0,0
'48 Pontiac,1950,1,0,0,1,1,0.0,1,0.0,,9.0,0.0,0
'48 Tucker,1950,2,0,0,0,0,0.0,2,0.0,,27.5,0.0,0
'49 Buick,1950,1,0,1,1,1,0.0,1,0.0,14.0,5.0,0.0,0
'49 Cadillac,1950,7,0,0,3,7,0.0,9,0.0,22.4,18.33,0.56,5
'49 Chrysler,1950,1,0,0,0,0,0.0,1,0.0,5.0,26.0,0.0,0
'49 Dodge,1950,1,0,0,0,1,0.0,1,0.0,,15.0,0.0,0
'49 Ford,1950,13,0,2,5,22,0.0,33,0.0,23.7,18.7,0.0,0
'49 Hudson,1950,4,0,0,0,1,0.0,4,0.0,17.0,24.0,0.0,0
'49 Kaiser,1950,2,0,0,0,2,0.0,2,0.0,,13.5,0.0,0
'49 Lincoln,1950,16,2,6,16,34,0.125,49,0.04082,18.9,18.43,4.65,228
'49 Mercury,1950,6,0,0,1,2,0.0,8,0.0,16.0,27.0,0.0,0
'49 Oldsmobile,1950,17,1,5,11,21,0.05882,43,0.02326,19.65,23.77,2.63,113
'49 Packard,1950,1,0,0,0,1,0.0,1,0.0,,18.0,0.0,0
'49 Plymouth,1950,18,1,13,22,31,0.05556,35,0.02857,31.58,9.51,5.4,189
'50 Buick,1950,2,0,1,1,2,0.0,3,0.0,24.0,15.33,0.0,0
'50 Cadillac,1950,2,0,1,1,2,0.0,2,0.0,4.5,11.0,16.5,33
'50 Chevrolet,1950,1,0,0,0,1,0.0,1,0.0,,14.0,0.0,0
'50 Ford,1950,15,1,6,15,30,0.06667,50,0.02,37.42,20.1,1.12,56
'50 Henry J,1950,1,0,0,1,1,0.0,1,0.0,,9.0,0.0,0
'50 Hudson,1950,1,0,0,0,0,0.0,3,0.0,55.0,58.0,0.0,0
'50 Kaiser,1950,2,0,0,0,1,0.0,3,0.0,50.0,36.67,0.0,0
'50 Lincoln,1950,4,0,1,2,3,0.0,10,0.0,29.71,40.5,0.0,0
'50 Mercury,1950,17,2,14,22,32,0.11765,43,0.04651,25.92,16.02,5.7,245
'50 Nash,1950,10,0,0,1,6,0.0,11,0.0,18.67,21.0,0.0,0
'50 Oldsmobile,1950,19,9,27,41,69,0.47368,102,0.08824,13.55,15.62,20.52,2093
'50 Plymouth,1950,13,3,15,27,42,0.23077,56,0.05357,21.08,13.54,10.95,613
'50 Pontiac,1950,3,0,0,0,2,0.0,4,0.0,41.0,27.0,0.0,0
'50 Studebaker,1950,1,0,0,0,0,0.0,3,0.0,45.0,51.0,0.0,0
Chevrolet,1950,2,0,0,0,0,0.0,2,0.0,,23.5,0.0,0
Dodge,1950,1,0,0,0,0,0.0,1,0.0,,25.0,0.0,0
Ford,1950,2,0,0,2,7,0.0,13,0.0,1.0,17.85,0.0,0
Hudson,1950,1,0,0,0,0,0.0,1,0.0,,29.0,0.0,0
Lincoln,1950,1,0,0,1,2,0.0,2,0.0,,14.0,0.0,0
Mercury,1950,2,0,0,1,2,0.0,3,0.0,,16.67,0.0,0
Nash,1950,2,0,0,0,1,0.0,2,0.0,5.0,27.0,0.0,0
Oldsmobile,1950,2,0,1,1,2,0.0,4,0.0,2.0,16.5,0.0,0
–,1950,5,0,0,4,14,0.0,16,0.0,,15.19,0.0,0
'46 Hudson,1951,1,0,0,0,1,0.0,1,0.0,36.0,13.0,0.0,0
'47 Buick,1951,3,0,0,0,0,0.0,3,0.0,13.0,27.67,0.0,0
'47 Chrysler,1951,1,0,0,0,1,0.0,1,0.0,21.0,12.0,0.0,0
'47 Ford,1951,5,0,0,0,1,0.0,5,0.0,24.33,28.0,0.0,0
'47 Frazer,1951,1,0,0,0,1,0.0,1,0.0,,19.0,0.0,0
'47 Hudson,1951,3,0,0,0,2,0.0,3,0.0,7.0,24.67,0.0,0
'47 Pontiac,1951,2,0,0,0,0,0.0,2,0.0,27.0,26.5,0.0,0
'48 Buick,1951,5,0,0,0,2,0.0,5,0.0,5.5,25.6,0.0,0
'48 Ford,1951,9,0,2,4,10,0.0,13,0.0,13.1,16.08,0.0,0
'48 Hudson,1951,4,0,0,0,3,0.0,5,0.0,10.5,21.2,0.0,0
'48 Nash,1951,1,0,0,0,0,0.0,1,0.0,37.0,49.0,0.0,0
'48 Pontiac,1951,3,0,2,2,2,0.0,3,0.0,13.0,9.67,0.0,0
'49 Buick,1951,3,0,0,1,2,0.0,3,0.0,18.0,16.67,0.0,0
'49 Ford,1951,13,0,0,5,16,0.0,29,0.0,17.06,20.62,0.0,0
'49 Hudson,1951,2,0,0,0,0,0.0,2,0.0,30.5,43.5,0.0,0
'49 Kaiser,1951,1,0,0,0,0,0.0,1,0.0,,24.0,0.0,0
'49 Lincoln,1951,6,0,0,2,5,0.0,11,0.0,18.5,22.64,0.0,0
'49 Mercury,1951,7,0,0,3,8,0.0,14,0.0,23.55,19.71,0.0,0
'49 Oldsmobile,1951,5,0,1,2,4,0.0,5,0.0,15.8,17.4,0.0,0
'49 Plymouth,1951,15,0,4,10,17,0.0,24,0.0,21.0,14.71,0.0,0
'49 Pontiac,1951,3,0,0,0,3,0.0,3,0.0,18.0,16.0,0.0,0
'50 Buick,1951,3,0,0,0,0,0.0,3,0.0,67.0,44.0,0.0,0
'50 Cadillac,1951,5,0,1,2,3,0.0,5,0.0,9.75,18.8,1.4,7
'50 Chevrolet,1951,6,0,0,1,3,0.0,6,0.0,32.0,19.83,0.0,0
'50 Dodge,1951,3,0,0,0,0,0.0,3,0.0,32.0,28.0,0.0,0
'50 Ford,1951,36,0,8,31,71,0.0,98,0.0,19.33,16.58,0.34,33
'50 Hudson,1951,1,0,0,0,0,0.0,1,0.0,41.0,24.0,0.0,0
'50 Lincoln,1951,6,0,1,3,4,0.0,7,0.0,15.75,18.86,3.86,27
'50 Mercury,1951,16,2,6,11,24,0.125,26,0.07692,13.45,12.31,9.92,258
'50 Nash,1951,1,0,0,0,0,0.0,1,0.0,41.0,30.0,0.0,0
'50 Oldsmobile,1951,38,5,26,39,84,0.13158,145,0.03448,12.91,20.48,5.2,754
'50 Packard,1951,4,0,0,1,1,0.0,4,0.0,19.0,29.0,0.0,0
'50 Plymouth,1951,37,0,20,45,90,0.0,138,0.0,20.58,16.99,0.17,24
'50 Pontiac,1951,2,0,1,2,2,0.0,3,0.0,17.0,19.33,0.0,0
'51 Buick,1951,2,0,1,2,2,0.0,2,0.0,5.0,7.5,0.0,0
'51 Cadillac,1951,2,0,0,0,1,0.0,2,0.0,26.0,31.0,0.0,0
'51 Chevrolet,1951,1,0,0,0,0,0.0,1,0.0,65.0,38.0,0.0,0
'51 Chrysler,1951,7,1,1,2,6,0.14286,8,0.125,21.0,16.38,7.25,58
'51 Dodge,1951,1,0,0,0,0,0.0,1,0.0,78.0,49.0,0.0,0
'51 Ford,1951,32,0,17,35,61,0.0,89,0.0,22.26,19.03,0.65,58
'51 Henry J,1951,23,0,1,6,18,0.0,41,0.0,29.53,22.39,0.0,0
'51 Hudson,1951,39,12,31,45,82,0.30769,137,0.08759,11.88,17.53,15.06,2063
'51 Kaiser,1951,7,0,0,0,2,0.0,8,0.0,45.0,30.5,0.0,0
'51 Lincoln,1951,5,0,0,2,3,0.0,6,0.0,32.25,22.83,0.0,0
'51 Mercury,1951,11,0,2,3,9,0.0,14,0.0,44.75,19.86,0.0,0
'51 Nash,1951,23,1,4,9,20,0.04348,36,0.02778,24.56,24.22,3.67,132
'51 Oldsmobile,1951,38,15,38,55,80,0.39474,113,0.13274,13.64,15.57,24.96,2820
'51 Packard,1951,3,0,2,3,4,0.0,5,0.0,21.5,14.2,0.0,0
'51 Plymouth,1951,35,2,20,47,81,0.05714,112,0.01786,30.54,15.61,1.72,193
'51 Pontiac,1951,6,0,2,4,4,0.0,7,0.0,30.2,26.29,0.0,0
'51 Studebaker,1951,37,3,14,19,35,0.08108,70,0.04286,14.45,21.41,6.53,457
'52 Hudson,1951,1,0,0,0,0,0.0,1,0.0,,22.0,0.0,0
Dodge,1951,1,0,0,0,0,0.0,1,0.0,20.0,21.0,0.0,0
Engl. Austin,1951,1,0,0,0,0,0.0,1,0.0,,30.0,0.0,0
Ford,1951,1,0,0,0,0,0.0,2,0.0,,25.5,0.0,0
Kaiser,1951,1,0,0,0,0,0.0,1,0.0,5.0,23.0,0.0,0
Nash,1951,1,0,0,0,0,0.0,1,0.0,,30.0,0.0,0
Oldsmobile,1951,3,0,0,0,1,0.0,4,0.0,11.0,23.75,0.0,0
Plymouth,1951,1,0,0,0,1,0.0,1,0.0,,13.0,0.0,0
Studebaker,1951,1,0,0,0,0,0.0,1,0.0,,29.0,0.0,0
–,1951,11,0,0,14,42,0.0,85,0.0,25.31,22.33,0.0,0
'49 Buick,1952,7,0,0,4,6,0.0,7,0.0,19.5,11.86,0.0,0
'49 Chevrolet,1952,1,0,0,0,0,0.0,1,0.0,,29.0,0.0,0
'49 Ford,1952,7,0,0,0,10,0.0,13,0.0,19.77,18.15,0.0,0
'49 Hudson,1952,1,0,0,0,1,0.0,1,0.0,28.0,20.0,0.0,0
'49 Mercury,1952,1,0,0,0,1,0.0,1,0.0,21.0,14.0,0.0,0
'49 Plymouth,1952,6,0,0,1,5,0.0,8,0.0,25.33,22.25,0.0,0
'50 Cadillac,1952,1,0,0,1,1,0.0,1,0.0,3.0,9.0,22.0,22
'50 Chevrolet,1952,3,0,0,1,3,0.0,3,0.0,21.67,11.67,0.0,0
'50 Dodge,1952,3,0,1,3,3,0.0,3,0.0,10.67,7.0,0.0,0
'50 Ford,1952,19,0,1,9,33,0.0,43,0.0,16.54,15.88,0.0,0
'50 Hudson,1952,3,0,0,0,1,0.0,3,0.0,16.33,29.0,0.0,0
'50 Lincoln,1952,2,0,0,2,3,0.0,3,0.0,23.5,11.33,0.0,0
'50 Mercury,1952,3,0,0,2,4,0.0,4,0.0,23.75,12.75,0.0,0
'50 Nash,1952,2,0,0,1,2,0.0,2,0.0,44.0,14.0,0.0,0
'50 Oldsmobile,1952,22,0,5,8,29,0.0,47,0.0,18.59,19.34,1.74,82
'50 Packard,1952,1,0,0,0,0,0.0,1,0.0,24.0,35.0,0.0,0
'50 Plymouth,1952,25,0,5,25,46,0.0,61,0.0,19.9,14.67,0.0,0
'50 Studebaker,1952,3,0,0,0,2,0.0,4,0.0,21.75,22.75,0.0,0
'51 Cadillac,1952,1,0,0,0,0,0.0,1,0.0,55.0,30.0,0.0,0
'51 Chevrolet,1952,1,0,0,1,1,0.0,1,0.0,16.0,8.0,0.0,0
'51 Chrysler,1952,13,0,3,6,11,0.0,19,0.0,19.65,17.47,0.0,0
'51 Ford,1952,30,0,6,20,49,0.0,68,0.0,18.69,18.18,0.22,15
'51 Henry J,1952,4,0,0,2,3,0.0,5,0.0,24.8,20.6,0.0,0
'51 Hudson,1952,33,11,30,47,88,0.33333,133,0.08271,13.73,17.05,11.11,1478
'51 Kaiser,1952,2,0,0,0,0,0.0,2,0.0,17.0,25.5,0.0,0
'51 Lincoln,1952,4,0,0,1,1,0.0,5,0.0,28.2,27.8,0.0,0
'51 Mercury,1952,3,0,0,0,2,0.0,3,0.0,10.67,19.33,0.0,0
'51 Nash,1952,14,0,0,1,5,0.0,17,0.0,24.82,25.29,0.0,0
'51 Oldsmobile,1952,24,0,14,26,43,0.0,67,0.0,15.45,17.16,7.03,471
'51 Packard,1952,4,0,0,2,3,0.0,4,0.0,15.0,14.75,0.0,0
'51 Plymouth,1952,34,3,21,51,85,0.08824,109,0.02752,18.83,13.91,1.18,129
'51 Studebaker,1952,16,0,0,3,18,0.0,24,0.0,19.47,20.54,7.75,186
'52 Buick,1952,1,0,0,0,1,0.0,1,0.0,27.0,18.0,0.0,0
'52 Chevrolet,1952,1,0,0,0,1,0.0,1,0.0,9.0,18.0,0.0,0
'52 Chrysler,1952,6,1,3,4,5,0.16667,9,0.11111,15.22,17.89,21.89,197
'52 DeSoto,1952,4,0,1,3,4,0.0,5,0.0,11.0,17.6,0.0,0
'52 Ford,1952,5,0,1,2,4,0.0,7,0.0,28.14,23.57,0.0,0
'52 Henry J,1952,1,0,0,0,0,0.0,1,0.0,25.0,51.0,0.0,0
'52 Hudson,1952,31,16,54,72,120,0.51613,152,0.10526,12.6,13.79,14.07,2139
'52 Kaiser,1952,1,0,0,0,0,0.0,1,0.0,40.0,24.0,0.0,0
'52 Lincoln,1952,1,0,0,1,1,0.0,1,0.0,5.0,9.0,0.0,0
'52 Mercury,1952,3,0,0,0,2,0.0,3,0.0,16.33,22.0,0.0,0
'52 Nash,1952,6,0,3,4,4,0.0,7,0.0,11.14,15.43,0.0,0
'52 Oldsmobile,1952,23,3,19,30,41,0.13043,63,0.04762,14.6,16.68,11.41,719
'52 Packard,1952,7,0,0,3,6,0.0,8,0.0,13.38,21.75,0.0,0
'52 Plymouth,1952,5,0,3,4,6,0.0,8,0.0,22.63,14.25,2.63,21
'52 Studebaker,1952,2,0,0,0,1,0.0,2,0.0,24.0,29.5,0.0,0
'52 Willys,1952,3,0,0,0,1,0.0,5,0.0,22.8,28.8,0.0,0
'53 Dodge,1952,1,0,0,0,1,0.0,1,0.0,11.0,14.0,0.0,0
'48 Plymouth,1953,1,0,0,0,0,0.0,1,0.0,,23.0,0.0,0
'49 Chevrolet,1953,1,0,0,1,1,0.0,1,0.0,,8.0,0.0,0
'49 Ford,1953,12,0,0,4,16,0.0,21,0.0,31.33,16.33,0.0,0
'49 Hudson,1953,1,0,0,1,2,0.0,2,0.0,,9.0,0.0,0
'49 Lincoln,1953,1,0,0,0,0,0.0,1,0.0,51.0,53.0,0.0,0
'49 Oldsmobile,1953,6,0,1,1,4,0.0,6,0.0,42.0,19.0,0.0,0
'49 Plymouth,1953,8,0,0,3,7,0.0,9,0.0,51.0,15.56,0.0,0
'50 Chevrolet,1953,1,0,0,0,1,0.0,1,0.0,17.0,18.0,0.0,0
'50 Dodge,1953,5,0,0,1,3,0.0,5,0.0,36.5,18.2,0.0,0
'50 Ford,1953,23,0,0,2,29,0.0,46,0.0,35.2,20.59,0.0,0
'50 Mercury,1953,5,0,0,1,3,0.0,5,0.0,,19.8,0.0,0
'50 Meteor,1953,1,0,0,0,1,0.0,1,0.0,,14.0,0.0,0
'50 Nash,1953,1,0,0,0,0,0.0,1,0.0,52.0,38.0,0.0,0
'50 Oldsmobile,1953,9,0,0,0,6,0.0,14,0.0,28.33,27.21,0.0,0
'50 Packard,1953,2,0,0,1,1,0.0,2,0.0,14.0,25.5,0.0,0
'50 Plymouth,1953,19,0,1,7,21,0.0,27,0.0,31.0,16.3,0.0,0
'51 Ford,1953,18,0,0,6,18,0.0,27,0.0,35.0,18.67,0.0,0
'51 Henry J,1953,3,0,0,1,3,0.0,3,0.0,,12.67,0.0,0
'51 Hudson,1953,11,0,1,4,11,0.0,20,0.0,30.56,21.4,0.0,0
'51 Kaiser,1953,2,0,0,0,1,0.0,2,0.0,,22.5,0.0,0
'51 Mercury,1953,2,0,0,1,2,0.0,2,0.0,,8.5,0.0,0
'51 Nash,1953,13,0,0,3,10,0.0,15,0.0,20.25,19.13,0.0,0
'51 Oldsmobile,1953,15,0,0,4,12,0.0,17,0.0,11.29,17.88,2.71,46
'51 Plymouth,1953,19,0,4,16,27,0.0,34,0.0,20.67,14.85,0.0,0
'51 Studebaker,1953,6,0,0,3,8,0.0,9,0.0,,14.78,0.0,0
'52 Chevrolet,1953,1,0,0,1,1,0.0,1,0.0,24.0,10.0,0.0,0
'52 Chrysler,1953,2,0,0,0,2,0.0,2,0.0,15.0,11.5,0.0,0
'52 Dodge,1953,2,0,0,0,2,0.0,3,0.0,,20.33,0.0,0
'52 Ford,1953,10,0,0,0,8,0.0,12,0.0,36.0,21.33,0.0,0
'52 Henry J,1953,1,0,0,0,1,0.0,1,0.0,,17.0,0.0,0
'52 Hudson,1953,36,1,15,40,64,0.02778,98,0.0102,16.73,18.21,1.21,119
'52 Mercury,1953,2,0,0,0,1,0.0,2,0.0,,20.0,0.0,0
'52 Nash,1953,11,0,3,4,6,0.0,11,0.0,22.5,15.64,0.0,0
'52 Oldsmobile,1953,20,0,1,6,18,0.0,33,0.0,21.2,20.88,0.0,0
'52 Packard,1953,2,0,0,0,1,0.0,2,0.0,27.0,32.0,0.0,0
'52 Plymouth,1953,19,0,6,15,20,0.0,29,0.0,25.33,13.41,0.0,0
'52 Studebaker,1953,3,0,0,1,1,0.0,3,0.0,27.0,22.0,0.0,0
'52 Willys,1953,1,0,0,0,0,0.0,1,0.0,,26.0,0.0,0
'53 Buick,1953,1,0,0,0,1,0.0,1,0.0,29.0,17.0,0.0,0
'53 Chevrolet,1953,3,0,1,1,2,0.0,4,0.0,32.5,21.0,0.0,0
'53 Chrysler,1953,1,0,0,0,1,0.0,1,0.0,32.0,15.0,0.0,0
'53 Dodge,1953,37,6,34,45,72,0.16216,92,0.06522,18.48,13.36,4.48,412
'53 Ford,1953,1,0,0,0,1,0.0,1,0.0,,12.0,0.0,0
'53 Hudson,1953,37,21,69,89,124,0.56757,149,0.14094,7.0,10.46,22.97,3423
'53 Jaguar,1953,1,0,0,1,3,0.0,4,0.0,4.75,13.0,0.0,0
'53 Lincoln,1953,11,0,3,6,14,0.0,20,0.0,13.09,18.85,0.0,0
'53 Mercury,1953,4,0,0,1,3,0.0,4,0.0,43.5,20.25,0.0,0
'53 Nash,1953,18,0,2,7,15,0.0,26,0.0,20.0,19.23,0.0,0
'53 Oldsmobile,1953,33,9,44,86,133,0.27273,159,0.0566,11.35,12.57,8.21,1305
'53 Packard,1953,2,0,0,0,1,0.0,2,0.0,37.5,17.5,0.0,0
'53 Plymouth,1953,11,0,0,3,8,0.0,14,0.0,21.25,20.07,0.0,0
'53 Studebaker,1953,2,0,0,0,0,0.0,3,0.0,36.5,45.33,0.0,0
Aston Martin,1953,1,0,0,0,0,0.0,1,0.0,16.0,27.0,0.0,0
Hudson,1953,2,0,0,1,1,0.0,3,0.0,25.33,26.67,0.0,0
Jaguar,1953,1,0,0,0,0,0.0,2,0.0,11.5,29.5,0.0,0
Nash,1953,1,0,0,1,2,0.0,2,0.0,13.5,10.0,0.0,0
Oldsmobile,1953,2,0,0,0,3,0.0,5,0.0,18.4,22.4,0.0,0
Plymouth,1953,1,0,0,0,1,0.0,1,0.0,15.0,13.0,0.0,0
Porsche,1953,1,0,0,2,2,0.0,2,0.0,25.0,8.5,0.0,0
Volkswagen,1953,1,0,0,0,1,0.0,1,0.0,32.0,19.0,0.0,0
'49 Buick,1954,1,0,0,0,0,0.0,1,0.0,,26.0,0.0,0
'49 Dodge,1954,1,0,0,0,0,0.0,1,0.0,,21.0,0.0,0
'49 Ford,1954,11,0,0,2,12,0.0,18,0.0,20.2,17.56,0.0,0
'49 Hudson,1954,9,0,0,0,7,0.0,10,0.0,,19.7,0.0,0
'49 Mercury,1954,2,0,0,1,1,0.0,2,0.0,15.0,15.0,0.0,0
'49 Oldsmobile,1954,3,0,0,0,1,0.0,3,0.0,,29.0,0.0,0
'49 Packard,1954,1,0,0,0,0,0.0,1,0.0,,32.0,0.0,0
'49 Plymouth,1954,12,0,0,1,9,0.0,13,0.0,28.57,19.69,0.0,0
'50 Chrysler,1954,1,0,0,0,0,0.0,1,0.0,33.0,33.0,0.0,0
'50 Dodge,1954,2,0,0,0,3,0.0,3,0.0,26.0,15.0,0.0,0
'50 Ford,1954,15,0,0,2,14,0.0,35,0.0,29.75,25.69,0.0,0
'50 Hudson,1954,2,0,0,0,0,0.0,2,0.0,,39.5,0.0,0
'50 Lincoln,1954,2,0,0,0,0,0.0,2,0.0,,30.5,0.0,0
'50 Mercury,1954,4,0,0,3,5,0.0,5,0.0,,10.0,0.0,0
'50 Oldsmobile,1954,7,0,1,3,11,0.0,18,0.0,15.79,20.61,0.0,0
'50 Plymouth,1954,23,0,1,10,26,0.0,51,0.0,19.73,20.1,0.0,0
'51 Chevrolet,1954,2,0,0,0,1,0.0,2,0.0,24.5,21.0,0.0,0
'51 Dodge,1954,2,0,0,0,1,0.0,2,0.0,25.0,19.5,0.0,0
'51 Ford,1954,9,0,0,0,5,0.0,11,0.0,36.2,28.27,0.0,0
'51 Henry J,1954,4,0,0,0,2,0.0,5,0.0,,22.4,0.0,0
'51 Hudson,1954,34,0,10,27,46,0.0,73,0.0,17.58,18.22,0.0,0
'51 Mercury,1954,9,0,1,4,9,0.0,11,0.0,17.6,15.64,0.0,0
'51 Nash,1954,3,0,0,1,2,0.0,3,0.0,,17.33,0.0,0
'51 Oldsmobile,1954,10,1,3,4,6,0.1,10,0.1,16.0,15.3,2.0,20
'51 Packard,1954,1,0,0,0,1,0.0,1,0.0,,14.0,0.0,0
'51 Plymouth,1954,20,0,1,6,24,0.0,33,0.0,22.41,18.27,0.24,8
'51 Studebaker,1954,4,0,0,0,2,0.0,6,0.0,,26.5,0.0,0
'52 Buick,1954,1,0,0,0,1,0.0,1,0.0,,14.0,0.0,0
'52 Chrysler,1954,1,0,0,0,0,0.0,2,0.0,,43.5,0.0,0
'52 Ford,1954,2,0,0,0,2,0.0,2,0.0,,17.0,0.0,0
'52 Henry J,1954,1,0,0,0,0,0.0,1,0.0,32.0,22.0,0.0,0
'52 Hudson,1954,21,2,5,13,21,0.09524,37,0.05405,18.47,19.43,6.76,250
'52 Mercury,1954,1,0,0,0,1,0.0,1,0.0,16.0,12.0,0.0,0
'52 Nash,1954,1,0,0,1,1,0.0,2,0.0,14.5,21.5,0.0,0
'52 Oldsmobile,1954,21,1,4,9,16,0.04762,27,0.03704,22.47,18.33,13.15,355
'52 Plymouth,1954,10,0,0,4,8,0.0,15,0.0,24.45,20.0,0.0,0
'52 Studebaker,1954,1,0,0,0,1,0.0,1,0.0,,18.0,0.0,0
'52 Willys,1954,2,0,0,0,0,0.0,2,0.0,26.0,33.5,0.0,0
'53 Chrysler,1954,1,0,0,0,0,0.0,1,0.0,10.0,31.0,0.0,0
'53 Dodge,1954,21,0,1,4,16,0.0,33,0.0,19.39,25.7,0.0,0
'53 Ford,1954,2,0,0,0,2,0.0,3,0.0,27.67,19.0,0.0,0
'53 Hudson,1954,30,3,12,23,50,0.1,68,0.04412,14.03,17.5,7.15,486
'53 Lincoln,1954,3,0,0,0,1,0.0,3,0.0,14.5,30.67,0.0,0
'53 Nash,1954,10,0,0,0,7,0.0,12,0.0,30.86,25.08,0.0,0
'53 Oldsmobile,1954,37,2,24,45,99,0.05405,149,0.01342,14.4,16.79,4.19,624
'53 Packard,1954,4,0,0,0,0,0.0,4,0.0,36.0,26.25,0.0,0
'53 Plymouth,1954,1,0,0,0,1,0.0,1,0.0,,17.0,0.0,0
'53 Pontiac,1954,2,0,0,0,2,0.0,2,0.0,12.5,16.5,0.0,0
'53 Studebaker,1954,7,0,0,0,3,0.0,7,0.0,19.5,23.0,0.0,0
'53 Willys,1954,1,0,0,0,0,0.0,1,0.0,58.0,52.0,0.0,0
'54 Buick,1954,7,0,1,3,5,0.0,9,0.0,26.43,21.33,0.11,1
'54 Cadillac,1954,5,0,0,1,3,0.0,5,0.0,13.0,24.4,0.0,0
'54 Chevrolet,1954,8,0,0,2,5,0.0,8,0.0,18.67,18.5,0.0,0
'54 Chrysler,1954,24,7,18,20,23,0.29167,28,0.25,9.07,10.64,21.93,614
'54 Dodge,1954,37,1,14,42,65,0.02703,89,0.01124,14.35,15.34,2.88,256
'54 Ford,1954,9,0,1,3,9,0.0,14,0.0,22.13,19.43,0.0,0
'54 Hudson,1954,35,12,46,66,82,0.34286,104,0.11538,7.42,11.45,21.27,2212
'54 Kaiser,1954,1,0,0,0,0,0.0,1,0.0,18.0,29.0,0.0,0
'54 Lincoln,1954,6,0,0,1,4,0.0,6,0.0,13.75,22.5,0.0,0
'54 Mercury,1954,20,0,6,12,18,0.0,25,0.0,19.1,15.68,0.0,0
'54 Nash,1954,7,0,0,1,4,0.0,10,0.0,31.2,28.4,0.0,0
'54 Oldsmobile,1954,34,7,33,52,86,0.20588,113,0.06195,9.49,15.04,10.73,1213
'54 Packard,1954,1,0,0,0,0,0.0,1,0.0,,48.0,0.0,0
'54 Plymouth,1954,1,0,0,0,1,0.0,1,0.0,,20.0,0.0,0
Austin Healey,1954,1,0,0,0,2,0.0,2,0.0,,12.5,0.0,0
Cadillac,1954,1,0,0,0,0,0.0,1,0.0,,33.0,0.0,0
Jaguar,1954,1,1,3,4,4,1.0,12,0.08333,5.0,24.25,2.33,28
MG,1954,1,0,0,0,2,0.0,5,0.0,,26.6,0.0,0
Morgan,1954,1,0,0,0,0,0.0,1,0.0,,41.0,0.0,0
Porsche,1954,1,0,0,0,1,0.0,1,0.0,,16.0,0.0,0
'49 Hudson,1955,1,0,0,0,1,0.0,1,0.0,20.0,11.0,0.0,0
'50 Ford,1955,1,0,0,0,0,0.0,1,0.0,30.0,21.0,0.0,0
'50 Hudson,1955,2,0,0,0,1,0.0,2,0.0,25.5,18.0,0.0,0
'50 Lincoln,1955,1,0,0,0,1,0.0,1,0.0,20.0,19.0,0.0,0
'50 Mercury,1955,2,0,0,1,1,0.0,2,0.0,16.0,15.0,0.0,0
'50 Oldsmobile,1955,1,0,0,0,0,0.0,1,0.0,22.0,32.0,0.0,0
'50 Plymouth,1955,2,0,0,0,2,0.0,2,0.0,20.5,16.5,0.0,0
'51 Hudson,1955,2,0,0,0,2,0.0,3,0.0,19.0,22.67,0.0,0
'51 Plymouth,1955,2,0,0,0,2,0.0,3,0.0,16.67,17.33,0.0,0
'51 Studebaker,1955,2,0,0,1,1,0.0,2,0.0,21.0,15.5,0.0,0
'52 Hudson,1955,1,0,0,0,1,0.0,1,0.0,9.0,15.0,0.0,0
'52 Oldsmobile,1955,2,0,1,1,2,0.0,2,0.0,13.5,10.0,0.0,0
'52 Plymouth,1955,2,0,0,1,2,0.0,3,0.0,21.67,14.0,0.0,0
'53 Cadillac,1955,1,0,0,0,0,0.0,1,0.0,31.0,28.0,0.0,0
'53 Chrysler,1955,2,0,0,0,3,0.0,3,0.0,13.67,14.33,0.0,0
'53 Dodge,1955,5,0,0,0,2,0.0,5,0.0,26.5,24.2,0.0,0
'53 Ford,1955,6,0,0,0,3,0.0,7,0.0,26.86,22.71,0.0,0
'53 Hudson,1955,35,0,3,19,47,0.0,71,0.0,18.99,17.1,0.0,0
'53 Nash,1955,1,0,0,0,1,0.0,1,0.0,7.0,14.0,0.0,0
'53 Oldsmobile,1955,43,0,5,26,59,0.0,67,0.0,15.97,13.39,0.0,0
'53 Plymouth,1955,6,0,0,0,6,0.0,8,0.0,24.63,17.75,0.0,0
'53 Studebaker,1955,13,0,0,1,10,0.0,13,0.0,23.54,21.85,0.0,0
'54 Buick,1955,5,0,0,1,4,0.0,6,0.0,9.8,17.83,0.0,0
'54 Cadillac,1955,1,0,0,0,1,0.0,1,0.0,6.0,17.0,0.0,0
'54 Chevrolet,1955,4,0,0,1,2,0.0,4,0.0,24.25,18.75,0.0,0
'54 Chrysler,1955,12,4,5,8,14,0.33333,15,0.26667,11.93,9.27,35.4,531
'54 Dodge,1955,20,0,2,9,23,0.0,30,0.0,22.0,16.43,2.63,79
'54 Ford,1955,16,0,0,0,11,0.0,16,0.0,25.81,19.38,0.0,0
'54 Hudson,1955,26,1,12,20,41,0.03846,47,0.02128,14.53,13.23,4.3,202
'54 Mercury,1955,21,0,2,7,16,0.0,21,0.0,15.43,14.29,0.0,0
'54 Nash,1955,6,0,0,2,3,0.0,8,0.0,31.63,23.0,0.0,0
'54 Oldsmobile,1955,38,3,19,29,54,0.07895,68,0.04412,11.46,13.97,5.84,397
'54 Studebaker,1955,1,0,0,0,1,0.0,1,0.0,22.0,19.0,0.0,0
'55 Buick,1955,30,2,13,26,48,0.06667,67,0.02985,14.32,16.33,0.76,51
'55 Cadillac,1955,3,0,0,0,0,0.0,3,0.0,18.0,34.67,0.0,0
'55 Chevrolet,1955,41,2,44,101,176,0.04878,245,0.00816,15.6,15.6,1.34,329
'55 Chrysler,1955,40,23,59,69,90,0.575,117,0.19658,8.07,11.41,34.26,4008
'55 Dodge,1955,26,1,6,13,25,0.03846,35,0.02857,14.59,15.6,2.94,103
'55 Ford,1955,21,1,5,13,31,0.04762,53,0.01887,20.83,21.34,5.91,313
'55 Hudson,1955,1,0,0,0,1,0.0,1,0.0,12.0,13.0,0.0,0
'55 Mercury,1955,7,0,3,4,9,0.0,12,0.0,18.33,14.0,1.67,20
'55 Nash,1955,1,0,0,0,0,0.0,1,0.0,34.0,23.0,0.0,0
'55 Oldsmobile,1955,44,7,40,77,129,0.15909,168,0.04167,11.19,13.92,6.86,1153
'55 Packard,1955,5,0,0,2,4,0.0,6,0.0,18.33,20.17,0.0,0
'55 Plymouth,1955,24,0,0,6,21,0.0,28,0.0,24.04,17.96,0.0,0
'55 Pontiac,1955,3,0,0,0,1,0.0,4,0.0,37.75,32.75,0.0,0
'55 Studebaker,1955,1,0,0,0,0,0.0,1,0.0,28.0,27.0,0.0,0
'56 Ford,1955,5,1,5,11,16,0.2,18,0.05556,12.06,10.33,18.72,337
Chevrolet,1955,1,0,1,1,1,0.0,1,0.0,13.0,4.0,0.0,0
–,1955,1,0,0,0,2,0.0,2,0.0,14.5,14.5,0.0,0
'51 Ford,1956,1,0,0,0,0,0.0,2,0.0,35.0,33.5,0.0,0
'51 Hudson,1956,1,0,0,0,0,0.0,1,0.0,20.0,35.0,0.0,0
'52 Plymouth,1956,1,0,0,0,0,0.0,1,0.0,22.0,34.0,0.0,0
'53 Ford,1956,2,0,0,0,2,0.0,2,0.0,27.0,16.0,0.0,0
'53 Hudson,1956,2,0,0,0,2,0.0,3,0.0,14.67,23.0,0.0,0
'53 Oldsmobile,1956,5,0,0,0,5,0.0,6,0.0,24.17,18.67,0.0,0
'53 Pontiac,1956,1,0,0,0,1,0.0,1,0.0,30.0,19.0,0.0,0
'53 Studebaker,1956,1,0,0,0,0,0.0,1,0.0,36.0,30.0,0.0,0
'54 Buick,1956,4,0,0,1,4,0.0,4,0.0,10.25,13.75,0.0,0
'54 Dodge,1956,6,0,0,0,3,0.0,6,0.0,24.33,20.5,0.0,0
'54 Ford,1956,4,0,0,0,2,0.0,4,0.0,28.75,23.75,0.0,0
'54 Hudson,1956,6,0,0,0,3,0.0,6,0.0,31.0,23.17,0.0,0
'54 Mercury,1956,1,0,0,0,1,0.0,1,0.0,18.0,12.0,0.0,0
'54 Nash,1956,2,0,0,0,0,0.0,2,0.0,37.0,22.5,0.0,0
'54 Oldsmobile,1956,12,0,1,3,8,0.0,14,0.0,22.0,21.64,0.07,1
'55 Buick,1956,11,0,0,0,6,0.0,18,0.0,28.28,27.67,0.0,0
'55 Chevrolet,1956,34,0,2,19,72,0.0,117,0.0,20.97,20.09,0.02,2
'55 Chrysler,1956,8,3,6,6,10,0.375,12,0.25,10.33,11.17,31.58,379
'55 Dodge,1956,9,0,1,4,9,0.0,9,0.0,13.78,12.22,0.0,0
'55 Ford,1956,15,0,1,3,9,0.0,16,0.0,22.67,18.75,0.0,0
'55 Mercury,1956,15,0,0,3,15,0.0,16,0.0,20.44,15.06,0.0,0
'55 Oldsmobile,1956,18,0,1,7,14,0.0,23,0.0,23.18,18.26,0.0,0
'55 Packard,1956,5,0,0,1,2,0.0,5,0.0,26.2,22.0,0.0,0
'55 Plymouth,1956,22,0,0,1,16,0.0,29,0.0,28.0,24.69,0.0,0
'55 Pontiac,1956,1,0,0,0,1,0.0,1,0.0,4.0,16.0,0.0,0
'55 Rambler,1956,1,0,0,0,0,0.0,1,0.0,35.0,32.0,0.0,0
'55 Studebaker,1956,5,0,0,0,3,0.0,5,0.0,17.6,19.4,0.0,0
'56 Buick,1956,11,0,0,4,5,0.0,14,0.0,24.07,23.29,0.0,0
'56 Chevrolet,1956,55,3,45,115,213,0.05455,281,0.01068,17.49,15.17,3.05,856
'56 Chrysler,1956,37,19,38,47,62,0.51351,73,0.26027,8.74,9.59,34.42,2513
'56 Dodge,1956,55,11,53,83,127,0.2,167,0.06587,11.77,14.71,10.12,1690
'56 Ford,1956,56,14,84,159,291,0.25,397,0.03526,15.61,16.2,5.58,2216
'56 Mercury,1956,52,5,34,62,107,0.09615,138,0.03623,13.48,14.5,3.97,548
'56 Nash,1956,1,0,0,0,1,0.0,1,0.0,26.0,20.0,0.0,0
'56 Oldsmobile,1956,15,1,5,12,23,0.06667,27,0.03704,17.04,15.67,7.37,199
'56 Packard,1956,2,0,0,0,1,0.0,2,0.0,44.0,32.0,0.0,0
'56 Plymouth,1956,33,0,3,13,30,0.0,50,0.0,20.24,18.92,0.0,0
'56 Pontiac,1956,27,0,5,16,33,0.0,58,0.0,14.43,19.78,0.29,17
'56 Studebaker,1956,4,0,0,0,0,0.0,4,0.0,36.75,24.75,0.0,0
Chevrolet,1956,1,0,0,0,0,0.0,1,0.0,5.0,23.0,0.0,0
Ford,1956,1,0,0,0,1,0.0,1,0.0,7.0,16.0,0.0,0
Jaguar,1956,1,0,0,0,1,0.0,1,0.0,26.0,19.0,0.0,0
Mercury,1956,1,0,1,1,1,0.0,1,0.0,,5.0,0.0,0
–,1956,1,0,0,0,1,0.0,2,0.0,16.5,17.5,0.0,0
'54 Buick,1957,1,0,0,0,0,0.0,1,0.0,22.0,29.0,0.0,0
'54 Ford,1957,1,0,0,0,1,0.0,1,0.0,,12.0,0.0,0
'54 Lincoln,1957,2,0,0,0,2,0.0,2,0.0,6.0,16.5,0.0,0
'54 Mercury,1957,1,0,0,0,0,0.0,1,0.0,30.0,21.0,0.0,0
'54 Oldsmobile,1957,3,0,0,0,3,0.0,4,0.0,15.5,17.0,0.0,0
'55 Chevrolet,1957,3,0,0,0,1,0.0,4,0.0,19.25,21.75,0.0,0
'55 Mercury,1957,2,0,0,0,1,0.0,2,0.0,24.5,21.5,0.0,0
'55 Oldsmobile,1957,4,0,1,2,4,0.0,4,0.0,5.67,11.25,0.0,0
'55 Plymouth,1957,2,0,0,0,1,0.0,2,0.0,34.0,24.5,0.0,0
'55 Pontiac,1957,1,0,0,0,0,0.0,1,0.0,34.0,45.0,0.0,0
'56 Chevrolet,1957,53,0,8,51,154,0.0,187,0.0,19.86,15.71,0.14,27
'56 Dodge,1957,34,0,1,8,32,0.0,44,0.0,20.31,17.82,0.0,0
'56 Ford,1957,53,4,20,64,164,0.07547,219,0.01826,17.79,15.87,1.81,396
'56 Mercury,1957,37,0,5,23,46,0.0,62,0.0,15.55,15.5,0.0,0
'56 Oldsmobile,1957,7,0,0,4,7,0.0,8,0.0,17.0,14.13,0.0,0
'56 Plymouth,1957,17,0,0,5,12,0.0,25,0.0,21.2,20.28,0.0,0
'56 Pontiac,1957,4,0,0,0,3,0.0,4,0.0,22.0,19.75,0.0,0
'56 Studebaker,1957,5,0,0,0,1,0.0,5,0.0,25.75,22.6,0.0,0
'57 Chevrolet,1957,49,21,91,140,197,0.42857,238,0.08824,11.03,11.66,13.0,3093
'57 Ford,1957,50,22,96,136,200,0.44,259,0.08494,11.46,13.19,10.33,2675
'57 Mercury,1957,31,0,11,21,43,0.0,53,0.0,11.6,14.83,3.79,201
'57 Oldsmobile,1957,41,4,20,38,54,0.09756,62,0.06452,10.02,11.08,7.24,449
'57 Plymouth,1957,39,0,4,19,41,0.0,50,0.0,16.33,15.88,0.0,0
'57 Pontiac,1957,34,2,8,19,50,0.05882,73,0.0274,10.71,18.45,5.44,397
'57 Rambler,1957,1,0,0,0,0,0.0,1,0.0,21.0,21.0,0.0,0
Mercury,1957,1,0,0,0,1,0.0,1,0.0,18.0,19.0,0.0,0
'56 Chevrolet,1958,48,0,2,26,107,0.0,138,0.0,19.72,16.78,0.0,0
'56 Chrysler,1958,3,0,0,0,1,0.0,3,0.0,30.0,30.67,0.0,0
'56 Dodge,1958,2,0,0,0,1,0.0,2,0.0,21.0,21.5,0.0,0
'56 Ford,1958,48,1,7,34,106,0.02083,164,0.0061,20.93,18.02,0.9,147
'56 Mercury,1958,8,0,1,2,8,0.0,14,0.0,18.67,20.64,0.0,0
'56 Pontiac,1958,3,0,0,1,3,0.0,3,0.0,16.0,14.33,0.0,0
'56 Studebaker,1958,1,0,0,0,0,0.0,1,0.0,19.0,21.0,0.0,0
'57 Chevrolet,1958,51,25,109,187,326,0.4902,439,0.05695,14.02,14.26,8.15,3578
'57 Dodge,1958,5,0,0,1,2,0.0,5,0.0,25.0,28.4,0.0,0
'57 Ford,1958,51,11,54,109,195,0.21569,265,0.04151,16.12,15.11,4.79,1270
'57 Mercury,1958,34,0,9,18,36,0.0,59,0.0,15.98,18.69,0.59,35
'57 Nash,1958,1,0,0,0,1,0.0,1,0.0,17.0,20.0,0.0,0
'57 Oldsmobile,1958,50,7,29,47,57,0.14,67,0.10448,9.1,9.88,7.94,532
'57 Plymouth,1958,23,0,3,6,23,0.0,29,0.0,16.28,16.97,0.0,0
'57 Pontiac,1958,31,2,8,16,27,0.06452,46,0.04348,10.4,18.43,4.7,216
'58 Buick,1958,1,0,0,1,1,0.0,1,0.0,7.0,9.0,0.0,0
'58 Chevrolet,1958,18,0,3,7,16,0.0,29,0.0,20.69,21.41,0.69,20
'58 Citroen,1958,1,0,0,0,2,0.0,2,0.0,30.5,18.5,0.0,0
'58 Dodge,1958,2,0,0,0,1,0.0,2,0.0,13.0,19.0,0.0,0
'58 Ford,1958,40,4,25,44,66,0.1,90,0.04444,13.25,14.46,11.04,994
'58 Goliath,1958,1,0,0,0,0,0.0,1,0.0,32.0,27.0,0.0,0
'58 Plymouth,1958,11,0,0,1,8,0.0,11,0.0,18.6,19.36,0.0,0
'58 Pontiac,1958,15,1,5,9,13,0.06667,20,0.05,14.83,17.25,5.05,101
'58 Renault,1958,1,0,0,0,0,0.0,1,0.0,33.0,36.0,0.0,0
'58 Studebaker,1958,7,0,0,1,2,0.0,7,0.0,21.4,21.29,0.0,0
Ford,1958,1,0,0,0,1,0.0,1,0.0,2.0,13.0,88.0,88
'56 Chevrolet,1959,3,0,0,2,4,0.0,4,0.0,16.75,12.25,0.0,0
'56 Dodge,1959,1,0,0,0,1,0.0,1,0.0,4.0,14.0,3.0,3
'56 Ford,1959,5,0,0,1,5,0.0,9,0.0,23.67,20.67,0.0,0
'56 Mercury,1959,1,0,0,0,0,0.0,1,0.0,22.0,25.0,0.0,0
'57 Chevrolet,1959,44,2,41,125,290,0.04545,390,0.00513,17.25,15.97,1.55,605
'57 Dodge,1959,4,0,0,0,1,0.0,4,0.0,33.0,26.75,0.0,0
'57 Ford,1959,44,8,26,48,103,0.18182,146,0.05479,16.91,16.39,3.01,440
'57 Mercury,1959,20,0,2,8,18,0.0,27,0.0,17.19,16.67,0.0,0
'57 Oldsmobile,1959,22,3,13,17,24,0.13636,27,0.11111,9.92,10.3,23.56,636
'57 Plymouth,1959,9,0,0,1,6,0.0,9,0.0,15.67,18.33,0.0,0
'57 Pontiac,1959,20,0,1,5,14,0.0,24,0.0,15.63,18.88,0.0,0
'58 Chevrolet,1959,25,0,1,11,27,0.0,40,0.0,18.13,17.58,0.83,33
'58 Edsel,1959,2,0,0,0,0,0.0,2,0.0,30.0,33.5,0.0,0
'58 Ford,1959,42,0,12,45,91,0.0,129,0.0,15.83,16.23,0.76,98
'58 Mercury,1959,2,0,1,1,2,0.0,5,0.0,17.6,18.6,0.0,0
'58 Plymouth,1959,13,0,1,3,13,0.0,15,0.0,18.4,16.33,0.0,0
'58 Pontiac,1959,25,0,9,13,21,0.0,25,0.0,9.33,12.64,3.8,95
'59 Buick,1959,5,0,1,1,1,0.0,5,0.0,8.2,29.4,0.0,0
'59 Chevrolet,1959,42,14,49,65,101,0.33333,141,0.09929,13.43,14.59,16.03,2260
'59 DeSoto,1959,2,0,0,0,1,0.0,2,0.0,25.5,24.5,0.0,0
'59 Dodge,1959,4,0,1,2,3,0.0,4,0.0,19.75,13.25,0.0,0
'59 Ford,1959,14,2,3,6,13,0.14286,23,0.08696,21.87,19.48,0.0,0
'59 Oldsmobile,1959,3,1,1,2,3,0.33333,3,0.33333,13.67,7.33,12.67,38
'59 Plymouth,1959,27,7,19,26,34,0.25926,40,0.175,9.0,10.53,12.8,512
'59 Pontiac,1959,8,1,2,3,6,0.125,12,0.08333,19.25,19.75,12.25,147
'59 Studebaker,1959,2,0,0,0,0,0.0,2,0.0,36.0,26.0,0.0,0
'59 T-Bird,1959,35,6,37,55,69,0.17143,97,0.06186,11.84,14.06,13.37,1297
'52 MG,1960,1,0,0,0,1,0.0,1,0.0,17.0,18.0,0.0,0
'54 Corvette,1960,1,0,0,0,1,0.0,1,0.0,16.0,16.0,0.0,0
'57 Chevrolet,1960,2,0,3,6,16,0.0,18,0.0,18.28,13.06,0.0,0
'57 Ford,1960,3,1,1,1,3,0.33333,5,0.2,15.0,16.6,0.0,0
'57 Mercury,1960,1,0,0,1,2,0.0,3,0.0,20.33,15.33,0.0,0
'57 Pontiac,1960,1,0,0,0,1,0.0,1,0.0,11.0,17.0,0.0,0
'57 Triumph,1960,1,0,0,0,1,0.0,1,0.0,15.0,14.0,0.0,0
'58 Chevrolet,1960,39,0,3,20,52,0.0,65,0.0,20.4,15.72,0.0,0
'58 Ford,1960,40,4,10,32,93,0.1,114,0.03509,17.54,15.04,7.45,849
'58 Mercury,1960,8,0,0,2,11,0.0,13,0.0,16.27,14.85,0.0,0
'58 Plymouth,1960,7,0,0,1,5,0.0,7,0.0,22.86,18.86,0.0,0
'58 Pontiac,1960,8,0,0,0,4,0.0,8,0.0,21.25,26.0,0.0,0
'59 Buick,1960,5,0,0,1,1,0.0,5,0.0,21.4,30.6,0.0,0
'59 Chevrolet,1960,41,3,27,48,82,0.07317,103,0.02913,15.32,13.94,5.41,557
'59 Dodge,1960,29,0,1,10,21,0.0,29,0.0,17.48,17.17,0.0,0
'59 Ford,1960,19,1,9,12,21,0.05263,29,0.03448,12.7,14.83,2.9,84
'59 MG,1960,1,0,0,0,1,0.0,1,0.0,18.0,15.0,0.0,0
'59 Oldsmobile,1960,14,0,0,1,8,0.0,16,0.0,28.56,27.19,0.0,0
'59 Plymouth,1960,32,1,5,17,36,0.03125,46,0.02174,15.48,15.28,1.24,57
'59 Pontiac,1960,9,0,2,5,10,0.0,17,0.0,23.71,20.0,1.29,22
'59 T-Bird,1960,35,0,7,26,46,0.0,75,0.0,17.47,17.8,0.55,41
'60 Buick,1960,2,0,0,0,0,0.0,2,0.0,48.0,45.5,0.0,0
'60 Chevrolet,1960,39,10,57,99,155,0.25641,219,0.04566,15.91,15.94,4.37,957
'60 Dodge,1960,12,1,1,2,5,0.08333,13,0.07692,25.38,21.92,6.69,87
'60 Ford,1960,42,9,36,68,147,0.21429,247,0.03644,19.86,20.77,5.4,1335
'60 Oldsmobile,1960,10,0,0,0,2,0.0,13,0.0,35.08,28.92,0.0,0
'60 Plymouth,1960,41,7,39,64,76,0.17073,90,0.07778,9.43,10.51,10.6,954
'60 Pontiac,1960,21,7,19,22,32,0.33333,49,0.14286,6.29,16.96,39.1,1916
'60 Valiant,1960,3,0,0,2,3,0.0,3,0.0,10.67,9.33,0.0,0
'54 Corvette,1961,1,0,0,0,1,0.0,1,0.0,10.0,20.0,0.0,0
'54 MG,1961,1,0,0,0,1,0.0,1,0.0,17.0,13.0,0.0,0
'58 Austin Healey,1961,1,0,0,0,1,0.0,1,0.0,21.0,18.0,0.0,0
'58 Chevrolet,1961,2,0,0,2,2,0.0,2,0.0,19.5,8.0,0.0,0
'58 Ford,1961,4,1,1,1,4,0.25,6,0.16667,18.17,15.67,6.67,40
'59 Buick,1961,1,0,0,0,1,0.0,1,0.0,14.0,13.0,0.0,0
'59 Chevrolet,1961,38,0,5,18,46,0.0,59,0.0,17.09,15.32,0.88,52
'59 Dodge,1961,5,0,0,2,4,0.0,5,0.0,15.75,17.0,0.0,0
'59 Edsel,1961,1,0,0,0,1,0.0,1,0.0,31.0,19.0,0.0,0
'59 Ford,1961,26,0,2,13,25,0.0,37,0.0,16.39,16.32,0.0,0
'59 Nash,1961,1,0,0,0,0,0.0,1,0.0,37.0,38.0,0.0,0
'59 Oldsmobile,1961,2,0,0,0,1,0.0,2,0.0,26.5,24.5,0.0,0
'59 Plymouth,1961,23,0,2,11,29,0.0,33,0.0,15.79,15.09,0.0,0
'59 Pontiac,1961,6,0,0,1,4,0.0,8,0.0,32.13,22.25,0.0,0
'59 T-Bird,1961,16,0,1,6,19,0.0,24,0.0,17.21,16.67,0.0,0
'60 Austin Healey,1961,1,0,0,0,1,0.0,1,0.0,22.0,15.0,0.0,0
'60 Chevrolet,1961,49,5,32,86,155,0.10204,201,0.02488,17.5,14.77,4.87,979
'60 Dodge,1961,38,0,1,6,28,0.0,41,0.0,21.13,18.59,0.0,0
'60 Ford,1961,52,0,7,31,123,0.0,183,0.0,20.86,18.78,0.0,0
'60 Oldsmobile,1961,11,0,0,1,4,0.0,11,0.0,24.36,21.91,0.0,0
'60 Plymouth,1961,25,2,12,16,31,0.08,34,0.05882,11.21,11.35,9.88,336
'60 Pontiac,1961,40,9,21,27,41,0.225,55,0.16364,7.82,14.35,25.73,1415
'60 Rambler,1961,1,0,0,0,0,0.0,1,0.0,25.0,30.0,0.0,0
'60 Sprite,1961,1,0,0,0,0,0.0,1,0.0,23.0,23.0,0.0,0
'60 T-Bird,1961,5,0,0,1,3,0.0,5,0.0,5.5,16.8,0.0,0
'60 Valiant,1961,1,0,0,0,0,0.0,1,0.0,15.0,21.0,0.0,0
'61 Chevrolet,1961,49,6,54,102,152,0.12245,200,0.03,15.4,13.75,8.49,1698
'61 Chrysler,1961,40,1,10,16,36,0.025,54,0.01852,13.57,16.59,3.87,209
'61 Corvair,1961,1,0,0,0,0,0.0,1,0.0,25.0,24.0,0.0,0
'61 Dodge,1961,8,0,0,0,3,0.0,8,0.0,27.13,24.0,0.0,0
'61 Ford,1961,39,6,27,51,99,0.15385,186,0.03226,15.99,20.46,8.53,1587
'61 Mercury,1961,16,0,1,1,7,0.0,16,0.0,27.06,22.31,0.0,0
'61 Oldsmobile,1961,1,0,1,1,1,0.0,1,0.0,,2.0,0.0,0
'61 Plymouth,1961,28,1,11,18,33,0.03571,46,0.02174,14.67,15.39,10.72,493
'61 Pontiac,1961,40,21,71,108,149,0.525,184,0.11413,10.02,11.97,23.26,4280
'61 Studebaker,1961,2,0,0,0,1,0.0,2,0.0,35.5,33.5,0.0,0
'62 Chrysler,1961,1,0,1,1,1,0.0,1,0.0,8.0,2.0,0.0,0
'59 Chevrolet,1962,1,0,0,0,1,0.0,1,0.0,13.0,13.0,0.0,0
'59 Pontiac,1962,2,0,0,0,1,0.0,2,0.0,16.0,20.5,0.0,0
'60 Chevrolet,1962,44,0,4,23,64,0.0,76,0.0,17.09,14.75,0.0,0
'60 Dodge,1962,9,0,0,0,3,0.0,11,0.0,29.27,29.55,0.0,0
'60 Ford,1962,38,0,0,22,73,0.0,89,0.0,18.19,15.08,0.0,0
'60 Oldsmobile,1962,1,0,0,0,0,0.0,1,0.0,41.0,39.0,0.0,0
'60 Plymouth,1962,41,0,5,23,38,0.0,48,0.0,19.26,14.19,0.0,0
'60 Pontiac,1962,7,0,4,5,7,0.0,7,0.0,6.71,7.86,15.29,107
'61 Chevrolet,1962,46,3,11,36,75,0.06522,93,0.03226,16.81,14.52,3.44,320
'61 Chrysler,1962,24,0,6,11,22,0.0,27,0.0,11.35,12.81,0.22,6
'61 Dodge,1962,1,0,0,0,0,0.0,1,0.0,37.0,44.0,0.0,0
'61 Ford,1962,35,0,3,12,51,0.0,85,0.0,21.62,21.45,0.4,34
'61 Mercury,1962,29,0,2,7,24,0.0,29,0.0,19.14,14.66,0.0,0
'61 Plymouth,1962,10,0,1,6,11,0.0,13,0.0,15.46,13.31,2.62,34
'61 Pontiac,1962,49,13,50,65,94,0.26531,117,0.11111,10.7,11.49,14.92,1746
'61 Studebaker,1962,2,0,0,0,2,0.0,2,0.0,17.5,14.5,0.0,0
'62 Chevrolet,1962,50,11,39,72,125,0.22,167,0.06587,13.4,14.65,13.63,2277
'62 Chrysler,1962,32,0,5,12,30,0.0,43,0.0,16.65,16.91,0.28,12
'62 Dodge,1962,37,0,4,13,39,0.0,54,0.0,20.35,17.37,0.31,17
'62 Ford,1962,33,6,24,42,79,0.18182,137,0.0438,16.95,18.11,7.54,1033
'62 Mercury,1962,28,0,2,13,23,0.0,43,0.0,18.51,19.21,0.12,5
'62 Plymouth,1962,45,11,36,48,62,0.24444,65,0.16923,8.84,7.48,33.45,2174
'62 Pontiac,1962,50,9,69,120,180,0.18,238,0.03782,10.93,13.83,13.9,3308
'62 Studebaker,1962,1,0,0,0,0,0.0,1,0.0,21.0,25.0,0.0,0
Alfa Romeo,1962,1,0,0,0,0,0.0,1,0.0,16.0,22.0,0.0,0
Austin Healey,1962,1,0,0,0,1,0.0,1,0.0,18.0,17.0,0.0,0
Corvette,1962,1,0,0,0,1,0.0,1,0.0,13.0,12.0,0.0,0
MG,1962,1,0,0,0,3,0.0,4,0.0,20.75,19.5,0.0,0
Sprite,1962,1,0,0,0,1,0.0,3,0.0,21.0,20.67,0.0,0
'60 Chevrolet,1963,1,0,0,1,2,0.0,2,0.0,20.5,13.5,0.0,0
'60 Dodge,1963,1,0,0,0,0,0.0,1,0.0,21.0,23.0,0.0,0
'60 Ford,1963,1,0,0,0,1,0.0,3,0.0,22.33,19.67,0.0,0
'60 Oldsmobile,1963,1,0,0,0,1,0.0,1,0.0,22.0,18.0,0.0,0
'60 Plymouth,1963,1,0,0,0,1,0.0,1,0.0,21.0,13.0,0.0,0
'60 Pontiac,1963,2,0,0,1,2,0.0,3,0.0,27.0,14.67,0.0,0
'61 Chevrolet,1963,25,0,3,18,29,0.0,34,0.0,15.97,12.47,0.0,0
'61 Chrysler,1963,21,0,0,1,15,0.0,21,0.0,20.29,17.9,0.0,0
'61 Dodge,1963,4,0,0,0,3,0.0,4,0.0,20.0,19.5,0.0,0
'61 Ford,1963,23,0,0,4,18,0.0,29,0.0,21.48,19.83,0.0,0
'61 Mercury,1963,6,0,0,0,5,0.0,6,0.0,20.83,18.5,0.0,0
'61 Oldsmobile,1963,1,0,0,0,0,0.0,1,0.0,29.0,23.0,0.0,0
'61 Pontiac,1963,17,0,2,6,13,0.0,21,0.0,21.1,19.43,0.0,0
'62 Chevrolet,1963,54,0,7,35,104,0.0,143,0.0,19.76,16.8,0.29,41
'62 Chrysler,1963,33,0,7,15,31,0.0,37,0.0,16.08,13.16,0.3,11
'62 Dodge,1963,34,0,7,17,37,0.0,45,0.0,14.82,13.87,0.0,0
'62 Ford,1963,48,0,9,23,53,0.0,78,0.0,18.45,16.64,2.96,231
'62 Mercury,1963,27,0,1,11,25,0.0,36,0.0,19.22,17.94,0.22,8
'62 Plymouth,1963,25,5,13,18,29,0.2,35,0.14286,10.17,11.46,20.0,700
'62 Pontiac,1963,53,0,16,53,132,0.0,179,0.0,17.83,16.81,0.0,0
'63 Chevrolet,1963,35,8,15,21,38,0.22857,60,0.13333,8.08,16.28,44.3,2658
'63 Chrysler,1963,6,0,0,1,2,0.0,6,0.0,25.33,25.17,0.0,0
'63 Dodge,1963,42,0,16,33,62,0.0,76,0.0,14.24,14.2,2.63,200
'63 Ford,1963,51,23,92,140,219,0.45098,276,0.08333,11.84,12.57,21.13,5831
'63 Mercury,1963,33,1,15,42,65,0.0303,88,0.01136,14.5,14.28,5.35,471
'63 Plymouth,1963,51,14,42,61,90,0.27451,128,0.10938,11.88,13.78,16.44,2104
'63 Pontiac,1963,43,4,30,49,66,0.09302,99,0.0404,11.39,14.62,8.32,824
Corvette,1963,1,0,0,0,1,0.0,1,0.0,19.0,19.0,0.0,0
MG,1963,1,0,0,0,1,0.0,1,0.0,18.0,17.0,0.0,0
'61 Chrysler,1964,1,0,0,0,0,0.0,1,0.0,23.0,23.0,0.0,0
'61 Ford,1964,4,0,0,0,2,0.0,4,0.0,25.75,22.25,0.0,0
'61 Oldsmobile,1964,1,0,0,0,0,0.0,1,0.0,34.0,40.0,0.0,0
'61 Pontiac,1964,5,0,0,1,4,0.0,6,0.0,19.17,16.83,0.0,0
'62 Chevrolet,1964,55,1,3,27,82,0.01818,130,0.00769,21.3,18.53,0.21,27
'62 Chrysler,1964,59,0,1,26,55,0.0,84,0.0,20.87,18.56,0.0,0
'62 Dodge,1964,27,0,1,14,29,0.0,35,0.0,17.23,14.26,0.0,0
'62 Ford,1964,21,0,1,4,11,0.0,24,0.0,21.79,22.54,0.0,0
'62 Mercury,1964,1,0,0,0,1,0.0,1,0.0,16.0,20.0,0.0,0
'62 Plymouth,1964,8,0,1,1,7,0.0,9,0.0,18.67,16.56,2.22,20
'62 Pontiac,1964,40,0,2,13,46,0.0,64,0.0,21.53,18.3,0.0,0
'63 Chevrolet,1964,10,0,0,3,9,0.0,11,0.0,16.36,14.73,1.36,15
'63 Dodge,1964,45,0,8,23,51,0.0,67,0.0,14.33,15.0,0.87,58
'63 Ford,1964,60,2,19,58,147,0.03333,205,0.00976,19.12,16.05,1.38,283
'63 Mercury,1964,56,0,8,30,71,0.0,100,0.0,18.6,16.55,0.0,0
'63 Oldsmobile,1964,1,0,0,0,1,0.0,1,0.0,38.0,16.0,0.0,0
'63 Plymouth,1964,48,4,17,29,57,0.08333,75,0.05333,10.99,14.36,9.52,714
'63 Pontiac,1964,32,0,5,10,25,0.0,45,0.0,18.24,19.78,1.87,84
'64 Chevrolet,1964,39,0,2,23,53,0.0,66,0.0,19.61,15.0,0.0,0
'64 Dodge,1964,57,14,60,86,126,0.24561,149,0.09396,9.01,10.68,17.97,2677
'64 Ford,1964,58,28,98,139,221,0.48276,301,0.09302,11.74,13.81,25.03,7535
'64 Mercury,1964,35,5,19,43,61,0.14286,81,0.06173,8.85,13.59,15.16,1228
'64 Plymouth,1964,57,8,64,84,130,0.14035,155,0.05161,7.51,10.85,23.39,3626
'64 Pontiac,1964,16,0,1,6,9,0.0,18,0.0,17.72,18.83,0.0,0
'62 Pontiac,1965,1,0,0,0,0,0.0,1,0.0,42.0,40.0,0.0,0
'63 Chevrolet,1965,42,0,0,10,49,0.0,63,0.0,22.13,17.62,0.0,0
'63 Dodge,1965,8,0,0,1,5,0.0,8,0.0,24.0,18.88,0.0,0
'63 Ford,1965,55,0,12,54,145,0.0,184,0.0,17.76,15.32,0.0,0
'63 Mercury,1965,2,0,0,0,2,0.0,4,0.0,33.5,27.25,0.0,0
'63 Pontiac,1965,6,0,0,0,7,0.0,8,0.0,15.38,19.38,0.0,0
'64 Chevrolet,1965,22,0,2,8,15,0.0,24,0.0,21.46,17.63,0.0,0
'64 Dodge,1965,55,0,18,34,85,0.0,119,0.0,17.54,16.23,0.0,0
'64 Ford,1965,55,2,56,165,345,0.03636,489,0.00409,16.64,16.53,1.05,513
'64 Mercury,1965,16,1,11,17,21,0.0625,35,0.02857,13.03,15.51,22.86,800
'64 Oldsmobile,1965,1,0,0,0,1,0.0,1,0.0,23.0,14.0,0.0,0
'64 Plymouth,1965,7,0,4,4,6,0.0,7,0.0,7.57,9.71,16.71,117
'64 Pontiac,1965,31,0,3,13,33,0.0,51,0.0,20.29,18.24,0.04,2
'65 Chevrolet,1965,43,0,16,47,94,0.0,157,0.0,19.12,18.34,0.32,51
'65 Dodge,1965,14,2,8,11,12,0.14286,17,0.11765,4.59,12.29,34.59,588
'65 Ford,1965,55,46,125,142,183,0.83636,223,0.20628,5.03,9.84,49.26,10984
'65 Oldsmobile,1965,36,0,4,18,28,0.0,36,0.0,17.5,13.78,0.0,0
'65 Plymouth,1965,42,4,16,26,41,0.09524,60,0.06667,12.65,15.42,17.43,1046
'65 Pontiac,1965,3,0,0,0,3,0.0,4,0.0,25.5,17.25,0.0,0
'63 Chevrolet,1966,2,0,0,0,1,0.0,2,0.0,21.0,22.5,0.0,0
'63 Ford,1966,2,0,0,0,2,0.0,3,0.0,31.0,18.33,0.0,0
'63 Plymouth,1966,1,0,0,0,0,0.0,1,0.0,36.0,37.0,0.0,0
'64 Chevrolet,1966,31,0,0,2,25,0.0,41,0.0,22.85,20.44,0.0,0
'64 Dodge,1966,34,9,9,15,27,0.26471,45,0.2,17.51,17.11,35.71,1607
'64 Ford,1966,49,4,49,134,309,0.08163,503,0.00795,19.2,18.11,3.19,1607
'64 Mercury,1966,26,0,0,7,18,0.0,34,0.0,18.85,19.94,0.09,3
'64 Oldsmobile,1966,1,0,0,0,0,0.0,1,0.0,42.0,38.0,0.0,0
'64 Plymouth,1966,5,0,1,1,1,0.0,5,0.0,13.8,22.0,0.0,0
'64 Pontiac,1966,7,0,0,3,4,0.0,9,0.0,25.67,21.22,0.0,0
'65 Buick,1966,1,0,0,0,1,0.0,1,0.0,38.0,17.0,0.0,0
'65 Chevrolet,1966,41,3,8,16,46,0.07317,72,0.04167,18.85,18.97,9.97,718
'65 Dodge,1966,44,6,35,57,73,0.13636,102,0.05882,11.05,13.18,9.8,1000
'65 Ford,1966,46,0,6,23,49,0.0,61,0.0,20.77,14.77,0.2,12
'65 Oldsmobile,1966,13,0,0,1,7,0.0,13,0.0,27.38,19.62,0.0,0
'65 Plymouth,1966,43,4,33,51,79,0.09302,120,0.03333,14.76,15.58,4.58,550
'65 Pontiac,1966,5,0,0,0,4,0.0,5,0.0,28.0,16.0,0.0,0
'66 Buick,1966,1,0,0,0,0,0.0,1,0.0,31.0,24.0,0.0,0
'66 Chevrolet,1966,46,0,8,34,97,0.0,179,0.0,20.69,20.6,1.03,184
'66 Dodge,1966,22,3,16,27,34,0.13636,51,0.05882,9.43,15.33,28.82,1470
'66 Ford,1966,46,6,36,59,104,0.13043,147,0.04082,13.18,15.07,17.3,2543
'66 Mercury,1966,12,2,4,4,7,0.16667,12,0.16667,7.67,16.0,27.42,329
'66 Oldsmobile,1966,39,0,9,16,28,0.0,39,0.0,18.62,15.26,0.0,0
'66 Plymouth,1966,33,12,31,39,50,0.36364,69,0.17391,6.93,12.29,56.67,3910
'66 Pontiac,1966,7,0,0,1,5,0.0,7,0.0,22.0,20.57,0.0,0
'66 Rambler,1966,3,0,0,0,1,0.0,3,0.0,25.33,24.67,0.0,0
Ford,1966,1,0,0,0,1,0.0,1,0.0,7.0,15.0,0.0,0
'64 Chevrolet,1967,2,0,0,0,2,0.0,2,0.0,28.5,14.0,0.0,0
'64 Ford,1967,3,0,2,6,9,0.0,10,0.0,16.3,11.1,0.0,0
'64 Mercury,1967,1,0,0,1,1,0.0,3,0.0,30.0,27.0,0.0,0
'65 Buick,1967,1,0,0,0,0,0.0,1,0.0,35.0,32.0,0.0,0
'65 Chevrolet,1967,34,3,11,15,27,0.08824,44,0.06818,12.98,18.16,14.82,652
'65 Dodge,1967,48,0,30,61,88,0.0,123,0.0,16.46,15.31,1.16,143
'65 Ford,1967,41,0,1,18,59,0.0,73,0.0,20.68,16.16,0.0,0
'65 Oldsmobile,1967,10,0,0,2,7,0.0,10,0.0,22.4,16.5,0.0,0
'65 Plymouth,1967,40,0,5,13,40,0.0,60,0.0,20.43,17.58,0.0,0
'65 Pontiac,1967,1,0,0,0,0,0.0,1,0.0,40.0,42.0,0.0,0
'66 Chevrolet,1967,46,0,11,48,137,0.0,244,0.0,21.91,20.57,2.05,501
'66 Dodge,1967,10,1,4,5,5,0.1,12,0.08333,12.83,17.17,16.5,198
'66 Ford,1967,49,0,23,106,248,0.0,357,0.0,19.72,16.64,0.57,205
'66 Oldsmobile,1967,13,0,1,3,9,0.0,14,0.0,16.36,16.43,0.0,0
'66 Plymouth,1967,14,1,6,10,14,0.07143,22,0.04545,11.36,14.32,10.68,235
'66 Pontiac,1967,6,0,0,2,5,0.0,6,0.0,23.33,14.83,0.0,0
'66 Rambler,1967,1,0,0,0,0,0.0,1,0.0,22.0,23.0,0.0,0
'67 Chevrolet,1967,22,0,4,10,18,0.0,29,0.0,18.62,17.62,3.52,102
'67 Dodge,1967,29,4,23,35,46,0.13793,78,0.05128,11.19,16.38,9.95,776
'67 Ford,1967,47,10,54,69,117,0.21277,204,0.04902,13.75,17.65,20.24,4129
'67 Mercury,1967,17,0,3,5,12,0.0,21,0.0,11.43,21.0,2.38,50
'67 Oldsmobile,1967,14,0,0,2,10,0.0,14,0.0,20.43,16.93,0.0,0
'67 Plymouth,1967,48,30,67,79,105,0.625,142,0.21127,7.86,12.25,47.75,6781
'67 Pontiac,1967,9,0,0,0,1,0.0,9,0.0,32.56,29.89,0.0,0
Ford,1967,1,0,0,0,0,0.0,1,0.0,45.0,45.0,0.0,0
'65 Chevrolet,1968,3,0,1,1,1,0.0,4,0.0,17.75,23.0,0.0,0
'65 Dodge,1968,3,0,0,1,2,0.0,3,0.0,16.67,18.0,0.0,0
'65 Ford,1968,1,0,0,1,1,0.0,1,0.0,28.0,10.0,0.0,0
'65 Plymouth,1968,1,0,0,0,1,0.0,2,0.0,40.0,30.5,0.0,0
'66 Chevrolet,1968,49,1,13,28,89,0.02041,161,0.00621,21.24,20.01,0.26,42
'66 Ford,1968,49,0,14,95,215,0.0,302,0.0,19.86,16.64,0.0,0
'66 Plymouth,1968,8,0,0,1,6,0.0,8,0.0,24.5,15.88,0.0,0
'66 Pontiac,1968,2,0,0,0,1,0.0,2,0.0,14.5,33.5,0.0,0
'67 Buick,1968,32,0,0,9,24,0.0,32,0.0,19.25,17.75,0.0,0
'67 Chevrolet,1968,14,0,1,3,8,0.0,21,0.0,22.95,24.86,1.67,35
'67 Dodge,1968,49,3,51,68,101,0.06122,140,0.02143,13.14,13.55,10.35,1449
'67 Ford,1968,49,1,7,38,150,0.02041,235,0.00426,20.74,18.66,2.18,512
'67 Mercury,1968,19,0,1,5,13,0.0,19,0.0,22.16,17.68,0.0,0
'67 Oldsmobile,1968,20,0,3,4,13,0.0,20,0.0,22.1,18.25,0.0,0
'67 Plymouth,1968,46,2,7,23,49,0.04348,78,0.02564,16.77,17.78,2.94,229
'67 Pontiac,1968,25,0,4,8,19,0.0,30,0.0,24.2,17.83,0.0,0
'67 Rambler,1968,1,0,0,0,0,0.0,1,0.0,31.0,34.0,0.0,0
'68 Chevrolet,1968,18,0,0,1,12,0.0,22,0.0,25.32,21.86,0.0,0
'68 Dodge,1968,32,2,22,47,64,0.0625,93,0.02151,8.85,15.81,12.37,1150
'68 Ford,1968,46,19,61,78,111,0.41304,158,0.12025,10.91,14.01,34.03,5377
'68 Mercury,1968,22,7,21,26,33,0.31818,46,0.15217,7.5,13.43,30.46,1401
'68 Plymouth,1968,46,14,39,53,65,0.30435,92,0.15217,6.35,12.75,47.91,4408
'66 Chevrolet,1969,3,0,0,1,3,0.0,7,0.0,18.14,19.0,0.0,0
'66 Ford,1969,3,0,2,5,9,0.0,14,0.0,18.0,17.79,0.0,0
'66 Pontiac,1969,1,0,0,0,0,0.0,1,0.0,38.0,36.0,0.0,0
'67 Buick,1969,45,0,0,12,32,0.0,45,0.0,21.0,16.38,0.0,0
'67 Chevrolet,1969,50,0,1,18,61,0.0,144,0.0,21.97,22.26,0.02,3
'67 Dodge,1969,39,0,4,10,25,0.0,44,0.0,22.98,19.52,0.25,11
'67 Ford,1969,54,0,11,35,115,0.0,183,0.0,21.38,18.52,0.09,17
'67 Mercury,1969,10,0,0,4,7,0.0,12,0.0,23.92,19.5,0.0,0
'67 Oldsmobile,1969,17,0,0,0,12,0.0,18,0.0,23.83,19.67,0.0,0
'67 Plymouth,1969,48,0,15,30,55,0.0,89,0.0,16.56,18.37,0.0,0
'67 Pontiac,1969,2,0,0,0,2,0.0,2,0.0,21.0,16.5,0.0,0
'68 Chevrolet,1969,16,0,0,3,17,0.0,29,0.0,24.17,20.34,0.0,0
'68 Dodge,1969,14,1,11,12,15,0.07143,17,0.05882,8.82,9.41,22.12,376
'68 Ford,1969,54,0,20,75,222,0.0,323,0.0,18.85,17.16,0.15,48
'68 Mercury,1969,6,0,1,2,3,0.0,7,0.0,17.29,19.29,0.0,0
'68 Plymouth,1969,47,2,5,21,54,0.04255,68,0.02941,15.9,14.47,8.54,581
'69 Chevrolet,1969,46,0,0,14,53,0.0,85,0.0,23.92,19.73,0.0,0
'69 Dodge,1969,51,21,81,125,163,0.41176,244,0.08607,9.83,14.58,29.0,7076
'69 Ford,1969,52,26,107,136,173,0.5,225,0.11556,9.55,11.82,29.56,6651
'69 Javelin,1969,1,0,0,0,0,0.0,1,0.0,32.0,26.0,0.0,0
'69 Mercury,1969,18,4,9,11,13,0.22222,25,0.16,5.16,15.44,51.16,1279
'69 Oldsmobile,1969,1,0,0,0,0,0.0,1,0.0,41.0,40.0,0.0,0
'69 Plymouth,1969,35,0,3,23,34,0.0,52,0.0,15.27,16.12,0.08,4
'69 Pontiac,1969,23,0,0,2,11,0.0,28,0.0,27.54,24.93,0.0,0
Chevrolet,1969,2,0,0,1,1,0.0,2,0.0,27.0,18.0,0.0,0
Dodge,1969,1,0,0,0,0,0.0,1,0.0,9.0,38.0,72.0,72
'67 Chevrolet,1970,1,0,0,0,0,0.0,2,0.0,25.0,33.5,0.0,0
'67 Ford,1970,1,0,0,0,0,0.0,2,0.0,31.5,35.0,0.0,0
'67 Oldsmobile,1970,1,0,0,0,1,0.0,1,0.0,38.0,12.0,0.0,0
'67 Pontiac,1970,1,0,0,0,1,0.0,1,0.0,20.0,14.0,0.0,0
'68 Chevrolet,1970,7,0,1,2,6,0.0,12,0.0,22.92,22.42,0.0,0
'68 Ford,1970,47,0,3,26,86,0.0,134,0.0,21.29,18.35,0.0,0
'68 Oldsmobile,1970,1,0,0,0,0,0.0,1,0.0,41.0,27.0,0.0,0
'68 Plymouth,1970,1,0,0,0,1,0.0,1,0.0,21.0,16.0,0.0,0
'69 Buick,1970,17,0,0,4,13,0.0,17,0.0,21.82,15.12,0.0,0
'69 Chevrolet,1970,45,0,1,22,74,0.0,139,0.0,24.6,20.6,0.4,56
'69 Dodge,1970,48,8,82,131,225,0.16667,364,0.02198,14.53,16.93,8.71,3171
'69 Ford,1970,48,4,48,108,253,0.08333,426,0.00939,18.25,18.56,3.05,1300
'69 Mercury,1970,31,4,10,24,42,0.12903,70,0.05714,15.53,17.1,12.33,863
'69 Oldsmobile,1970,1,0,0,0,0,0.0,1,0.0,14.0,22.0,0.0,0
'69 Plymouth,1970,48,1,15,49,115,0.02083,186,0.00538,18.59,17.63,1.77,330
'69 Pontiac,1970,4,0,0,0,0,0.0,4,0.0,31.75,29.75,0.0,0
'70 Chevrolet,1970,9,0,0,0,6,0.0,11,0.0,32.0,24.09,0.0,0
'70 Dodge,1970,22,9,17,20,24,0.40909,27,0.33333,7.81,7.0,85.67,2313
'70 Ford,1970,27,2,15,24,27,0.07407,40,0.05,12.25,14.18,10.65,426
'70 Mercury,1970,5,0,4,4,5,0.0,5,0.0,10.4,4.4,76.8,384
'70 Oldsmobile,1970,1,0,0,1,1,0.0,1,0.0,22.0,9.0,0.0,0
'70 Plymouth,1970,41,20,44,63,77,0.4878,99,0.20202,8.77,11.37,53.48,5295
'70 Pontiac,1970,5,0,0,2,3,0.0,5,0.0,23.4,18.6,0.0,0
'68 Camaro,1971,2,0,0,2,2,0.0,3,0.0,20.33,14.33,0.0,0
'68 Chevrolet,1971,1,0,0,0,0,0.0,1,0.0,14.0,24.0,0.0,0
'68 Mustang,1971,2,0,0,1,1,0.0,2,0.0,25.0,15.0,0.0,0
'69 Buick,1971,1,0,0,0,1,0.0,1,0.0,19.0,20.0,0.0,0
'69 Camaro,1971,6,1,4,6,16,0.16667,21,0.04762,14.43,15.76,9.9,208
'69 Chevrolet,1971,39,0,1,8,34,0.0,91,0.0,24.45,23.69,0.57,52
'69 Dodge,1971,47,0,11,34,82,0.0,164,0.0,21.37,20.96,2.07,339
'69 Ford,1971,48,0,9,45,172,0.0,310,0.0,23.85,20.25,0.28,86
'69 Mercury,1971,48,10,43,89,143,0.20833,217,0.04608,15.38,16.57,10.85,2355
'69 Mustang,1971,2,0,0,0,2,0.0,2,0.0,13.0,17.0,0.0,0
'69 Oldsmobile,1971,1,0,0,0,0,0.0,1,0.0,28.0,32.0,0.0,0
'69 Plymouth,1971,43,0,3,13,39,0.0,90,0.0,20.94,21.71,0.13,12
'70 Camaro,1971,2,1,2,2,2,0.5,2,0.5,5.0,1.5,21.0,42
'70 Chevrolet,1971,28,0,3,8,15,0.0,42,0.0,22.93,23.55,0.38,16
'70 Dodge,1971,44,2,18,41,72,0.04545,110,0.01818,17.54,17.16,4.39,483
'70 Ford,1971,42,1,18,31,59,0.02381,100,0.01,18.54,18.28,2.44,244
'70 Javelin,1971,5,0,2,3,4,0.0,5,0.0,3.8,10.2,10.0,50
'70 Mercury,1971,8,0,1,3,5,0.0,8,0.0,15.75,15.75,0.75,6
'70 Mustang,1971,3,1,2,3,3,0.33333,4,0.25,11.75,8.25,84.75,339
'70 Oldsmobile,1971,1,0,0,0,0,0.0,1,0.0,23.0,29.0,0.0,0
'70 Plymouth,1971,44,4,7,21,48,0.09091,79,0.05063,20.59,18.58,20.52,1621
'70 Pontiac,1971,1,0,1,1,1,0.0,1,0.0,5.0,5.0,0.0,0
'71 Camaro,1971,1,0,0,0,1,0.0,1,0.0,30.0,17.0,0.0,0
'71 Chevrolet,1971,36,1,7,13,30,0.02778,73,0.0137,16.93,21.89,11.1,810
'71 Dodge,1971,32,6,30,38,47,0.1875,62,0.09677,7.03,12.26,43.76,2713
'71 Firebird,1971,6,0,1,3,9,0.0,12,0.0,13.67,15.42,0.92,11
'71 Ford,1971,48,3,22,48,88,0.0625,136,0.02206,18.29,16.93,8.18,1113
'71 Mercury,1971,5,0,2,3,5,0.0,6,0.0,5.83,13.0,102.33,614
'71 Mustang,1971,5,0,1,3,4,0.0,6,0.0,9.83,14.0,0.0,0
'71 Plymouth,1971,41,18,51,60,66,0.43902,87,0.2069,6.49,10.89,42.46,3694
'71 Pontiac,1971,5,0,0,0,0,0.0,6,0.0,16.5,38.67,0.0,0
Ford,1971,1,0,1,1,1,0.0,1,0.0,1.0,4.0,37.0,37
Mercury,1971,1,0,0,0,0,0.0,1,0.0,22.0,23.0,0.0,0
'69 Chevrolet,1972,1,0,0,0,1,0.0,1,0.0,36.0,20.0,0.0,0
'69 Ford,1972,1,0,0,1,1,0.0,3,0.0,20.33,18.33,0.0,0
'70 Chevrolet,1972,17,0,0,1,3,0.0,25,0.0,27.88,27.0,0.0,0
'70 Dodge,1972,31,0,9,25,66,0.0,167,0.0,22.4,23.67,0.04,7
'70 Ford,1972,9,0,4,6,10,0.0,12,0.0,20.5,13.33,0.25,3
'70 Mercury,1972,3,0,2,2,3,0.0,3,0.0,17.33,9.67,0.0,0
'70 Plymouth,1972,31,0,2,14,62,0.0,124,0.0,25.72,21.9,0.02,3
'71 Chevrolet,1972,28,0,0,2,16,0.0,49,0.0,25.0,24.43,0.24,12
'71 Dodge,1972,19,2,5,8,14,0.10526,29,0.06897,16.14,19.45,6.28,182
'71 Ford,1972,31,0,14,62,156,0.0,273,0.0,23.07,19.96,0.03,9
'71 Mercury,1972,31,9,32,71,120,0.29032,170,0.05294,18.55,15.69,12.05,2048
'71 Plymouth,1972,8,0,0,1,2,0.0,8,0.0,23.25,27.25,0.0,0
'71 Pontiac,1972,4,0,1,1,2,0.0,4,0.0,20.25,21.75,1.5,6
'72 Chevrolet,1972,31,10,33,44,67,0.32258,127,0.07874,16.01,18.68,34.61,4396
'72 Dodge,1972,29,3,29,38,50,0.10345,86,0.03488,10.1,17.72,27.87,2397
'72 Ford,1972,20,0,4,7,12,0.0,47,0.0,20.09,27.21,0.36,17
'72 Matador,1972,12,0,1,4,5,0.0,12,0.0,10.42,23.5,0.0,0
'72 Mercury,1972,4,0,1,2,2,0.0,4,0.0,14.75,15.25,0.25,1
'72 Oldsmobile,1972,2,0,0,0,0,0.0,3,0.0,22.0,26.0,0.0,0
'72 Plymouth,1972,26,7,18,21,28,0.26923,44,0.15909,11.8,15.2,34.34,1511
'72 Pontiac,1972,1,0,0,0,0,0.0,1,0.0,33.0,26.0,0.0,0
'70 Chevrolet,1973,1,0,0,0,1,0.0,1,0.0,27.0,16.0,0.0,0
'70 Dodge,1973,2,0,0,0,1,0.0,2,0.0,32.5,29.0,0.0,0
'71 Chevrolet,1973,13,0,0,0,0,0.0,14,0.0,26.29,29.79,0.0,0
'71 Dodge,1973,19,0,3,4,16,0.0,35,0.0,26.94,23.11,0.51,18
'71 Ford,1973,26,0,0,11,54,0.0,105,0.0,29.15,21.99,0.09,9
'71 Mercury,1973,28,11,18,49,104,0.39286,198,0.05556,20.92,20.35,13.63,2699
'72 Chevrolet,1973,28,0,21,56,96,0.0,184,0.0,19.99,19.84,0.49,90
'72 Dodge,1973,25,0,4,17,31,0.0,60,0.0,19.68,21.45,2.73,164
'72 Ford,1973,28,0,4,14,35,0.0,69,0.0,21.61,21.1,0.81,56
'72 Mercury,1973,1,0,0,0,0,0.0,2,0.0,31.5,39.0,0.0,0
'72 Plymouth,1973,17,1,2,5,15,0.05882,29,0.03448,24.07,21.14,0.83,24
'73 Chevrolet,1973,28,7,49,70,106,0.25,170,0.04118,12.49,17.26,26.13,4442
'73 Dodge,1973,28,8,34,47,91,0.28571,166,0.04819,19.6,18.52,15.73,2612
'73 Ford,1973,16,0,3,4,5,0.0,19,0.0,11.11,24.16,0.32,6
'73 Matador,1973,11,1,2,3,3,0.09091,11,0.09091,12.09,22.45,12.55,138
'73 Pontiac,1973,3,0,0,0,2,0.0,3,0.0,22.0,21.67,0.0,0
'71 Chevrolet,1974,1,0,0,0,0,0.0,1,0.0,29.0,24.0,0.0,0
'71 Ford,1974,1,0,0,0,2,0.0,3,0.0,28.67,20.67,0.0,0
'71 Mercury,1974,1,0,1,1,4,0.0,4,0.0,16.75,10.75,2.25,9
'72 Chevrolet,1974,30,2,9,30,90,0.06667,186,0.01075,23.98,20.48,2.05,381
'72 Dodge,1974,8,0,0,1,4,0.0,13,0.0,16.31,24.15,0.38,5
'72 Ford,1974,29,0,4,9,34,0.0,88,0.0,21.34,23.84,1.5,132
'72 Plymouth,1974,24,0,0,6,17,0.0,27,0.0,25.04,19.96,0.0,0
'72 Pontiac,1974,2,0,0,0,0,0.0,2,0.0,31.5,40.0,0.0,0
'73 Chevrolet,1974,30,0,1,17,48,0.0,91,0.0,20.3,19.88,0.9,82
'73 Dodge,1974,29,0,6,18,47,0.0,101,0.0,24.53,21.49,0.01,1
'73 Ford,1974,24,0,10,19,23,0.0,37,0.0,11.86,15.68,9.19,340
'73 Mercury,1974,17,7,13,14,14,0.41176,18,0.38889,3.44,8.44,62.06,1117
'74 Chevrolet,1974,30,10,71,135,221,0.33333,332,0.03012,14.98,15.89,13.81,4585
'74 Dodge,1974,30,10,26,38,78,0.33333,138,0.07246,18.28,19.34,22.91,3162
'74 Ford,1974,4,0,1,1,1,0.0,5,0.0,13.2,27.6,2.8,14
'74 Matador,1974,17,1,7,10,12,0.05882,17,0.05882,6.18,13.12,15.29,260
'74 Mercury,1974,2,0,1,1,1,0.0,2,0.0,11.0,16.0,20.5,41
'74 Plymouth,1974,6,0,0,0,4,0.0,7,0.0,26.86,22.0,0.0,0
'74 Pontiac,1974,1,0,0,0,0,0.0,1,0.0,33.0,35.0,0.0,0
'72 Chevrolet,1975,1,0,0,2,7,0.0,9,0.0,19.67,14.89,0.0,0
'72 Ford,1975,1,0,1,1,1,0.0,5,0.0,21.2,23.0,0.4,2
'73 Chevrolet,1975,5,0,0,0,4,0.0,6,0.0,21.67,21.67,0.0,0
'73 Dodge,1975,2,0,0,0,1,0.0,2,0.0,22.0,19.0,0.0,0
'73 Ford,1975,30,1,9,35,88,0.03333,149,0.00671,21.91,19.03,1.5,224
'73 Mercury,1975,21,3,13,14,16,0.14286,23,0.13043,5.13,12.57,57.48,1322
'73 Plymouth,1975,22,0,0,1,15,0.0,22,0.0,26.5,18.5,0.0,0
'74 Chevrolet,1975,30,0,2,20,58,0.0,89,0.0,23.73,17.92,0.28,25
'74 Dodge,1975,30,14,38,53,113,0.46667,212,0.06604,20.48,18.9,16.47,3491
'74 Ford,1975,3,0,0,1,2,0.0,3,0.0,23.0,17.67,0.0,0
'74 Plymouth,1975,4,0,0,0,3,0.0,4,0.0,23.5,18.0,0.0,0
'74 Pontiac,1975,5,0,0,0,1,0.0,5,0.0,27.6,29.6,0.0,0
'75 Chevrolet,1975,30,6,66,151,264,0.2,474,0.01266,16.74,18.84,8.89,4214
'75 Dodge,1975,1,0,1,1,1,0.0,1,0.0,4.0,2.0,146.0,146
'75 Ford,1975,20,3,10,11,15,0.15,20,0.15,3.9,11.8,31.3,626
'75 Matador,1975,19,3,10,10,10,0.15789,19,0.15789,4.42,15.37,30.42,578
'75 Mercury,1975,1,0,0,0,0,0.0,1,0.0,13.0,36.0,0.0,0
'75 Pontiac,1975,2,0,0,0,1,0.0,2,0.0,43.5,29.0,0.0,0
Chevrolet,1976,30,13,70,177,395,0.43333,704,0.01847,19.61,18.99,7.41,5214
Dodge,1976,30,6,30,46,99,0.2,172,0.03488,18.3,17.95,12.59,2165
Ford,1976,30,1,19,38,60,0.03333,118,0.00847,17.25,19.19,8.85,1044
Matador,1976,1,0,0,0,1,0.0,1,0.0,1.0,15.0,18.0,18
Mercury,1976,30,10,31,37,39,0.33333,51,0.19608,4.55,9.53,30.76,1569
Plymouth,1976,9,0,0,2,6,0.0,9,0.0,17.78,17.78,0.0,0
Pontiac,1976,3,0,0,0,0,0.0,3,0.0,25.0,25.33,0.0,0
Chevrolet,1977,30,21,85,182,399,0.7,712,0.02949,19.38,19.02,9.74,6934
Dodge,1977,30,7,25,40,90,0.23333,158,0.0443,17.8,18.22,12.01,1897
Ford,1977,30,0,18,44,67,0.0,119,0.0,18.67,17.62,0.5,60
Matador,1977,30,0,5,15,19,0.0,33,0.0,11.94,18.09,3.09,102
Mercury,1977,22,2,17,19,23,0.09091,36,0.05556,10.25,13.89,24.28,874
Plymouth,1977,4,0,0,0,2,0.0,4,0.0,24.25,20.75,0.0,0
Buick,1978,15,0,3,5,12,0.0,32,0.0,18.06,24.38,0.06,2
Chevrolet,1978,30,10,71,149,327,0.33333,596,0.01678,19.57,19.01,6.75,4021
Chrysler,1978,6,0,0,0,0,0.0,6,0.0,33.67,25.83,0.0,0
Dodge,1978,30,0,12,30,78,0.0,133,0.0,21.38,18.58,1.71,228
Ford,1978,30,5,18,36,66,0.16667,110,0.04545,18.34,17.19,9.7,1067
Matador,1978,1,0,0,0,0,0.0,1,0.0,37.0,37.0,0.0,0
Mercury,1978,22,4,12,22,30,0.18182,55,0.07273,13.89,17.96,13.76,757
Oldsmobile,1978,30,11,34,58,87,0.36667,132,0.08333,12.52,15.97,31.99,4223
Buick,1979,24,0,1,15,37,0.0,70,0.0,21.81,20.9,0.16,11
Chevrolet,1979,31,18,95,185,348,0.58065,589,0.03056,17.22,17.42,11.51,6780
Chrysler,1979,3,0,0,0,3,0.0,3,0.0,34.67,17.0,0.0,0
Dodge,1979,31,0,1,11,43,0.0,81,0.0,24.99,20.65,0.02,2
Ford,1979,31,5,20,30,55,0.16129,89,0.05618,17.17,16.98,20.85,1856
Mercury,1979,24,3,9,23,34,0.125,58,0.05172,12.34,17.16,13.03,756
Oldsmobile,1979,31,5,29,46,98,0.16129,191,0.02618,19.41,19.95,5.72,1093
Pontiac,1979,4,0,0,0,2,0.0,4,0.0,29.0,24.5,0.0,0
Buick,1980,25,0,3,6,22,0.0,55,0.0,26.89,23.15,1.87,103
Chevrolet,1980,31,22,108,208,399,0.70968,693,0.03175,17.61,18.06,11.5,7971
Chrysler,1980,1,0,0,0,0,0.0,1,0.0,34.0,34.0,0.0,0
Dodge,1980,31,0,0,7,33,0.0,58,0.0,26.81,20.41,0.0,0
Ford,1980,31,3,12,29,55,0.09677,85,0.03529,17.89,16.76,9.42,801
Mercury,1980,23,3,12,25,34,0.13043,53,0.0566,11.28,16.64,9.13,484
Oldsmobile,1980,29,3,20,35,77,0.10345,175,0.01714,21.28,21.73,5.49,961
Buick,1981,31,22,81,152,268,0.70968,469,0.04691,17.7,17.88,11.7,5487
Chevrolet,1981,29,1,13,24,54,0.03448,106,0.00943,18.66,19.36,5.23,554
Chrysler,1981,1,0,0,0,0,0.0,1,0.0,14.0,25.0,1.0,1
Dodge,1981,31,0,0,8,26,0.0,38,0.0,24.76,18.58,0.03,1
Ford,1981,31,7,21,46,76,0.22581,132,0.05303,16.63,18.37,16.28,2149
Oldsmobile,1981,29,0,10,23,52,0.0,102,0.0,20.67,20.5,2.93,299
Pontiac,1981,31,1,30,57,144,0.03226,255,0.00392,19.43,18.86,7.55,1926
Buick,1982,30,25,80,149,280,0.83333,501,0.0499,18.07,18.52,12.26,6142
Chevrolet,1982,26,3,18,30,65,0.11538,86,0.03488,18.58,14.74,15.38,1323
Chrysler,1982,9,0,0,1,7,0.0,10,0.0,27.2,18.7,0.4,4
Dodge,1982,22,0,0,7,19,0.0,23,0.0,24.74,13.65,0.09,2
Ford,1982,30,2,21,39,78,0.06667,141,0.01418,17.39,18.72,11.56,1630
Oldsmobile,1982,22,0,0,3,12,0.0,35,0.0,27.0,25.4,0.09,3
Pontiac,1982,30,0,31,71,139,0.0,270,0.0,18.03,19.21,3.71,1003
Buick,1983,30,6,37,78,154,0.2,274,0.0219,20.15,19.11,7.36,2017
Chevrolet,1983,30,15,60,114,204,0.5,338,0.04438,16.23,17.48,15.62,5280
Chrysler,1983,25,0,0,0,15,0.0,33,0.0,28.55,21.73,0.03,1
Dodge,1983,11,0,0,2,8,0.0,11,0.0,26.73,18.0,0.0,0
Ford,1983,30,4,28,55,84,0.13333,157,0.02548,16.29,17.9,9.46,1485
Oldsmobile,1983,13,0,0,1,8,0.0,20,0.0,29.65,23.95,0.0,0
Pontiac,1983,30,5,25,50,127,0.16667,243,0.02058,19.64,19.8,5.9,1434
Buick,1984,30,2,18,29,62,0.06667,117,0.01709,20.5,19.5,10.9,1275
Chevrolet,1984,30,21,90,166,291,0.7,542,0.03875,17.91,19.04,13.36,7240
Chrysler,1984,17,0,0,0,7,0.0,19,0.0,27.42,22.26,0.0,0
Dodge,1984,8,0,0,0,4,0.0,8,0.0,31.63,22.5,0.0,0
Ford,1984,30,4,26,63,117,0.13333,186,0.02151,18.08,17.59,7.56,1407
Oldsmobile,1984,29,0,0,4,16,0.0,44,0.0,26.95,24.16,0.0,0
Pontiac,1984,30,3,16,38,103,0.1,189,0.01587,20.12,19.53,1.99,376
Buick,1985,28,0,11,24,45,0.0,92,0.0,19.96,20.1,4.93,454
Chevrolet,1985,28,14,75,136,256,0.5,495,0.02828,18.98,19.73,10.99,5442
Chrysler,1985,11,0,0,0,5,0.0,12,0.0,33.42,25.83,0.0,0
Dodge,1985,2,0,0,0,1,0.0,2,0.0,36.5,27.5,0.0,0
Ford,1985,28,14,43,61,140,0.5,224,0.0625,18.38,17.53,13.56,3038
Oldsmobile,1985,28,0,3,10,25,0.0,52,0.0,20.46,21.06,0.12,6
Pontiac,1985,28,0,8,49,88,0.0,166,0.0,20.33,19.64,3.12,518
Buick,1986,29,3,17,48,71,0.10345,114,0.02632,17.77,17.49,2.95,336
Chevrolet,1986,29,18,80,119,200,0.62069,388,0.04639,18.52,19.35,16.81,6521
Ford,1986,29,5,26,61,137,0.17241,255,0.01961,21.32,19.15,4.65,1186
Oldsmobile,1986,29,1,13,27,58,0.03448,112,0.00893,15.62,20.7,5.58,625
Pontiac,1986,29,2,9,35,114,0.06897,226,0.00885,22.81,21.45,3.67,829
Buick,1987,29,1,12,28,50,0.03448,94,0.01064,15.46,19.3,5.31,499
Chevrolet,1987,29,15,54,102,202,0.51724,405,0.03704,19.9,20.59,12.45,5041
Ford,1987,29,11,45,76,146,0.37931,273,0.04029,18.68,18.84,10.89,2974
Oldsmobile,1987,29,0,11,35,86,0.0,159,0.0,20.19,20.48,1.44,229
Pontiac,1987,29,2,23,49,96,0.06897,177,0.0113,23.69,19.61,3.56,630
Buick,1988,29,2,12,31,78,0.06897,158,0.01266,23.32,20.58,5.89,930
Chevrolet,1988,29,8,49,91,154,0.27586,261,0.03065,17.43,17.84,14.01,3656
Ford,1988,29,9,41,72,149,0.31034,290,0.03103,18.87,20.44,9.74,2824
Oldsmobile,1988,29,2,19,55,116,0.06897,234,0.00855,20.64,20.72,4.51,1056
Pontiac,1988,29,8,24,41,83,0.27586,182,0.04396,22.44,21.63,7.01,1275
Buick,1989,29,1,14,33,69,0.03448,133,0.00752,22.87,19.95,2.71,360
Chevrolet,1989,29,13,47,64,121,0.44828,202,0.06436,17.03,17.97,22.29,4503
Ford,1989,29,8,44,82,140,0.27586,233,0.03433,14.7,17.58,7.7,1795
Oldsmobile,1989,29,1,18,43,97,0.03448,193,0.00518,20.26,20.54,2.96,571
Pontiac,1989,29,6,22,68,153,0.2069,356,0.01685,23.76,22.28,7.0,2491
Buick,1990,29,1,6,15,52,0.03448,105,0.00952,22.91,21.29,2.68,281
Chevrolet,1990,29,13,44,83,159,0.44828,265,0.04906,17.9,17.85,13.66,3619
Ford,1990,29,11,57,104,162,0.37931,262,0.04198,16.23,16.63,13.39,3508
Oldsmobile,1990,29,1,20,41,100,0.03448,210,0.00476,21.21,21.96,1.0,209
Pontiac,1990,29,3,18,47,107,0.10345,271,0.01107,23.13,22.85,7.76,2103
Buick,1991,29,0,5,13,45,0.0,111,0.0,21.87,23.14,2.2,244
Chevrolet,1991,29,11,51,102,156,0.37931,267,0.0412,18.19,17.99,11.72,3128
Ford,1991,29,10,56,107,175,0.34483,281,0.03559,15.26,16.71,11.19,3145
Oldsmobile,1991,29,5,18,35,96,0.17241,199,0.02513,22.76,21.21,8.97,1786
Pontiac,1991,29,3,15,33,108,0.10345,252,0.0119,23.32,22.58,5.54,1396
Buick,1992,6,0,0,0,1,0.0,6,0.0,34.83,29.83,0.0,0
Chevrolet,1992,29,8,41,85,168,0.27586,371,0.02156,20.09,20.98,5.55,2058
Ford,1992,29,16,75,142,265,0.55172,423,0.03783,17.07,17.39,12.89,5452
Oldsmobile,1992,29,2,14,32,70,0.06897,132,0.01515,22.63,19.33,3.42,451
Pontiac,1992,29,3,15,31,76,0.10345,176,0.01705,23.05,23.06,9.38,1651
Chevrolet,1993,30,9,71,122,199,0.3,375,0.024,19.46,18.98,8.27,3102
Ford,1993,30,10,51,133,313,0.33333,627,0.01595,20.19,21.0,5.54,3473
Oldsmobile,1993,5,0,0,0,0,0.0,6,0.0,37.33,34.83,0.0,0
Pontiac,1993,30,11,28,45,88,0.36667,160,0.06875,20.44,18.51,21.43,3429
Chevrolet,1994,31,11,57,121,200,0.35484,422,0.02607,20.6,20.82,6.25,2639
Ford,1994,31,20,92,166,339,0.64516,688,0.02907,20.63,20.98,10.73,7384
Pontiac,1994,31,0,6,23,81,0.0,148,0.0,22.74,20.49,0.56,83
Chevrolet,1995,31,21,74,132,213,0.67742,425,0.04941,19.48,20.35,13.84,5884
Ford,1995,31,8,70,150,344,0.25806,687,0.01164,21.43,20.84,4.86,3340
Pontiac,1995,31,2,11,28,63,0.06452,143,0.01399,21.87,22.17,4.47,639
Chevrolet,1996,31,17,74,113,185,0.54839,387,0.04393,19.25,20.3,12.68,4909
Ford,1996,31,13,76,169,353,0.41935,715,0.01818,21.51,21.03,5.39,3857
Pontiac,1996,31,1,5,28,82,0.03226,158,0.00633,22.03,21.63,5.58,882
Chevrolet,1997,32,11,51,100,205,0.34375,461,0.02386,21.41,22.67,6.04,2785
Ford,1997,32,19,90,164,310,0.59375,653,0.0291,21.28,21.32,8.81,5751
Pontiac,1997,32,2,19,56,125,0.0625,248,0.00806,23.81,21.34,5.19,1286
Chevrolet,1998,33,16,50,107,226,0.48485,477,0.03354,22.68,22.15,7.12,3397
Ford,1998,33,15,100,176,337,0.45455,726,0.02066,21.82,21.85,8.03,5830
Pontiac,1998,33,2,15,47,97,0.06061,216,0.00926,21.09,22.18,3.26,705
Chevrolet,1999,34,12,42,110,247,0.35294,522,0.02299,21.45,22.15,5.55,2896
Ford,1999,34,13,84,141,294,0.38235,674,0.01929,23.26,22.52,6.39,4305
Pontiac,1999,34,9,44,89,139,0.26471,266,0.03383,19.89,20.38,11.02,2931
Chevrolet,2000,34,9,47,108,239,0.26471,506,0.01779,22.21,21.97,4.97,2517
Ford,2000,34,14,85,151,284,0.41176,638,0.02194,22.21,22.63,8.36,5335
Pontiac,2000,34,11,38,81,157,0.32353,318,0.03459,21.24,20.78,7.28,2315
Chevrolet,2001,36,16,52,100,203,0.44444,423,0.03783,21.46,21.37,11.83,5005
Dodge,2001,36,4,25,52,124,0.11111,338,0.01183,22.28,24.35,3.54,1195
Ford,2001,36,11,73,146,295,0.30556,593,0.01855,22.31,21.62,6.44,3819
Pontiac,2001,36,5,30,62,98,0.13889,193,0.02591,21.64,20.34,4.33,835
Chevrolet,2002,36,10,48,101,200,0.27778,477,0.02096,21.07,22.72,7.91,3773
Dodge,2002,36,7,22,51,146,0.19444,387,0.01809,24.5,24.3,3.82,1478
Ford,2002,36,14,86,171,292,0.38889,505,0.02772,21.07,19.58,8.66,4374
Pontiac,2002,36,5,24,37,82,0.13889,179,0.02793,21.7,21.92,5.98,1070
Chevrolet,2003,36,19,96,155,274,0.52778,503,0.03777,19.79,19.72,11.9,5985
Dodge,2003,36,9,39,98,201,0.25,493,0.01826,22.63,23.32,5.85,2884
Ford,2003,36,7,39,92,196,0.19444,374,0.01872,22.54,21.11,4.53,1694
Pontiac,2003,36,1,6,15,49,0.02778,178,0.00562,25.37,26.64,0.59,105
Chevrolet,2004,36,22,83,159,319,0.61111,638,0.03448,21.04,20.96,8.43,5377
Dodge,2004,36,4,48,102,211,0.11111,554,0.00722,23.05,23.86,5.44,3014
Ford,2004,36,10,49,99,190,0.27778,352,0.02841,21.86,20.79,6.72,2364
Pontiac,2004,4,0,0,0,0,0.0,4,0.0,41.5,36.25,0.0,0
Chevrolet,2005,36,17,78,155,309,0.47222,711,0.02391,22.18,23.02,6.59,4686
Dodge,2005,36,3,34,84,211,0.08333,519,0.00578,23.93,23.3,3.07,1594
Ford,2005,36,16,68,121,200,0.44444,318,0.05031,18.45,17.6,14.02,4457
Chevrolet,2006,36,23,105,195,375,0.63889,749,0.03071,21.54,21.1,8.4,6295
Dodge,2006,36,7,29,74,176,0.19444,484,0.01446,23.24,24.36,3.17,1533
Ford,2006,36,6,46,91,169,0.16667,315,0.01905,21.2,20.51,8.99,2832
Chevrolet,2007,36,26,121,224,389,0.72222,682,0.03812,20.21,19.15,10.31,7033
Dodge,2007,36,3,21,59,153,0.08333,378,0.00794,21.18,23.89,4.52,1710
Ford,2007,36,7,36,66,144,0.19444,325,0.02154,24.9,22.26,5.15,1673
Toyota,2007,36,0,2,11,34,0.0,163,0.0,25.62,29.01,1.02,166
Chevrolet,2008,36,11,68,142,274,0.30556,509,0.02161,20.07,20.21,8.24,4195
Dodge,2008,36,4,16,50,138,0.11111,401,0.00998,24.19,25.35,1.23,492
Ford,2008,36,11,52,96,161,0.30556,285,0.0386,20.42,19.19,9.01,2567
Toyota,2008,36,10,44,72,147,0.27778,353,0.02833,23.57,23.04,9.84,3472
Chevrolet,2009,36,18,91,181,301,0.5,549,0.03279,19.4,19.0,10.13,5560
Dodge,2009,36,4,21,51,117,0.11111,279,0.01434,23.16,23.68,3.75,1045
Ford,2009,36,3,26,53,141,0.08333,275,0.01091,23.3,20.73,3.75,1030
Toyota,2009,36,11,42,75,161,0.30556,445,0.02472,23.68,25.43,6.42,2857
Chevrolet,2010,36,18,95,177,299,0.5,532,0.03383,18.41,18.89,9.86,5243
Dodge,2010,36,2,9,20,55,0.05556,125,0.016,20.97,23.0,7.48,935
Ford,2010,36,4,35,82,191,0.11111,433,0.00924,24.4,21.76,3.95,1709
Toyota,2010,36,12,41,81,175,0.33333,458,0.0262,24.19,25.57,6.31,2891
Chevrolet,2011,36,18,77,163,328,0.5,596,0.0302,20.08,19.59,7.92,4718
Dodge,2011,36,5,18,30,56,0.13889,108,0.0463,20.96,21.34,10.07,1088
Ford,2011,36,7,46,89,166,0.19444,421,0.01663,24.27,23.09,5.57,2347
Toyota,2011,36,6,39,78,170,0.16667,423,0.01418,22.72,24.48,5.9,2497
Chevrolet,2012,36,15,79,154,310,0.41667,607,0.02471,20.99,20.56,6.32,3839
Dodge,2012,36,5,15,27,54,0.13889,76,0.06579,16.41,16.08,11.18,850
Ford,2012,36,6,33,69,162,0.16667,432,0.01389,23.83,24.41,3.9,1683
Toyota,2012,36,10,53,110,194,0.27778,433,0.02309,22.57,22.66,9.4,4070
Chevrolet,2013,36,16,89,177,335,0.44444,629,0.02544,20.61,19.85,7.5,4719
Ford,2013,36,6,37,86,214,0.16667,505,0.01188,23.47,23.68,3.19,1611
Toyota,2013,36,14,54,97,171,0.38889,414,0.03382,22.33,23.23,10.2,4223
Chevrolet,2014,36,20,94,193,405,0.55556,800,0.025,21.1,20.9,7.65,6121
Ford,2014,36,14,49,88,179,0.38889,411,0.03406,21.99,22.34,7.07,2907
Toyota,2014,36,2,37,79,136,0.05556,336,0.00595,24.1,24.15,4.5,1513
Chevrolet,2015,36,15,93,201,415,0.41667,781,0.01921,20.2,20.59,6.55,5119
Ford,2015,36,7,39,74,163,0.19444,452,0.01549,25.79,24.33,5.99,2709
Toyota,2015,36,14,48,85,142,0.38889,315,0.04444,21.02,22.15,8.24,2597
Chevrolet,2016,36,12,81,183,385,0.33333,763,0.01573,21.26,20.47,4.64,3542
Ford,2016,36,8,45,75,183,0.22222,399,0.02005,21.69,21.65,3.48,1389
Toyota,2016,36,16,54,102,152,0.44444,274,0.05839,16.35,18.64,20.41,5592
Chevrolet,2017,36,10,52,114,299,0.27778,634,0.01577,22.93,21.66,3.75,2377
Ford,2017,36,10,64,130,250,0.27778,469,0.02132,18.03,18.92,5.22,2447
Toyota,2017,36,16,64,116,171,0.44444,311,0.05145,17.68,18.91,18.51,5757
Chevrolet,2018,36,4,37,104,279,0.11111,654,0.00612,23.18,22.28,2.22,1454
Ford,2018,36,19,79,163,294,0.52778,486,0.03909,16.49,17.55,11.93,5797
Toyota,2018,36,13,64,93,147,0.36111,259,0.05019,18.29,18.58,11.58,2999
Chevrolet,2019,36,7,45,110,272,0.19444,621,0.01127,22.14,21.91,3.3,2051
Ford,2019,36,10,71,151,305,0.27778,547,0.01828,17.76,18.86,7.32,4005
Toyota,2019,36,19,64,99,143,0.52778,212,0.08962,17.5,15.34,19.81,4199
Chevrolet,2020,36,9,51,120,280,0.25,617,0.01459,22.08,22.07,3.89,2400
Ford,2020,36,18,72,156,315,0.5,545,0.03303,18.13,18.56,8.92,4862
Toyota,2020,36,9,57,84,125,0.25,252,0.03571,19.78,18.86,10.52,2652
Chevrolet,2021,36,19,73,153,316,0.52778,646,0.02941,20.84,20.62,7.17,4631
Ford,2021,36,7,51,121,270,0.19444,529,0.01323,20.26,20.06,3.22,1706
Toyota,2021,36,10,56,86,134,0.27778,208,0.04808,14.89,16.11,13.76,2863
Chevrolet,2022,36,19,83,157,311,0.52778,555,0.03423,19.06,18.55,7.58,4208
Ford,2022,36,9,53,116,273,0.25,548,0.01642,20.39,20.06,4.64,2545
Toyota,2022,36,8,44,87,136,0.22222,219,0.03653,14.65,16.77,12.47,2730
Chevrolet,2023,36,18,77,149,300,0.5,594,0.0303,20.77,19.66,6.11,3631
Ford,2023,36,8,51,120,264,0.22222,508,0.01575,19.77,19.62,4.54,2304
Toyota,2023,36,10,52,91,156,0.27778,218,0.04587,11.47,14.83,15.44,3365
Chevrolet,2024,16,8,30,60,124,0.5,235,0.03404,19.92,19.3,6.09,1431
Ford,2024,16,2,22,50,111,0.125,230,0.0087,20.76,20.57,4.22,970
Toyota,2024,16,6,28,50,85,0.375,134,0.04478,15.45,16.87,15.32,2053
