owner,season,owner_season_races,owner_season_wins,owner_season_top_5,owner_season_top_10,owner_season_top_20,owner_season_win_pct,owner_season_trucks_raced,owner_season_truck_win_pct,owner_season_avg_start,owner_season_avg_finish,owner_season_avg_laps_led,owner_season_laps_led
A.J. Foyt,1995,1,0,0,0,1,0.0,1,0.0,9.0,18.0,0.0,0
Alex Decuir,1995,9,0,0,0,3,0.0,9,0.0,23.11,26.67,0.0,0
Bell Sadler,1995,2,0,1,1,2,0.0,2,0.0,23.5,9.0,0.0,0
Bill Stroppe,1995,12,0,0,0,5,0.0,12,0.0,22.0,23.25,0.0,0
Bob Blake,1995,1,0,0,0,0,0.0,1,0.0,29.0,32.0,0.0,0
Bob Brevak,1995,11,0,0,0,7,0.0,11,0.0,25.91,19.64,0.0,0
Bob Jones,1995,1,0,0,0,0,0.0,1,0.0,29.0,27.0,0.0,0
Bobby Allison,1995,1,0,0,1,1,0.0,1,0.0,14.0,7.0,0.0,0
Brad Akins / Bob Sutton,1995,20,0,1,5,11,0.0,20,0.0,15.3,19.45,3.3,66
Bruce Griffin,1995,13,0,1,10,11,0.0,13,0.0,8.46,10.62,0.23,3
Cathy Venturini,1995,1,0,0,0,0,0.0,1,0.0,30.0,34.0,0.0,0
"Dale Earnhardt, Inc.",1995,20,6,10,15,21,0.3,22,0.27273,6.27,8.27,42.91,944
Darrell Waltrip,1995,3,0,0,1,1,0.0,3,0.0,14.67,21.33,0.0,0
Earl Barban,1995,3,0,1,2,3,0.0,3,0.0,19.33,9.0,0.67,2
Ernest Winslow,1995,1,0,0,0,0,0.0,1,0.0,22.0,26.0,0.0,0
G.T. Tallas,1995,2,0,0,0,0,0.0,2,0.0,29.0,28.0,0.0,0
Geoffrey Bodine,1995,20,0,8,14,18,0.0,22,0.0,11.55,11.05,7.59,167
Grier Lackey,1995,11,0,2,3,6,0.0,11,0.0,12.27,17.18,6.55,72
Jack Roush,1995,6,0,2,6,6,0.0,6,0.0,9.5,5.83,0.17,1
Jeff Sinden,1995,3,0,0,0,1,0.0,3,0.0,24.67,26.67,0.0,0
Jerry Churchill,1995,9,0,0,1,6,0.0,10,0.0,24.1,18.2,0.0,0
Jerry Glanville,1995,14,0,0,0,7,0.0,14,0.0,23.64,20.64,0.0,0
Jim Herrick,1995,20,1,9,14,17,0.05,20,0.05,11.9,9.5,4.65,93
Jim Rosenblum,1995,12,0,0,0,7,0.0,12,0.0,23.25,20.42,0.0,0
Jim Smith,1995,20,1,5,13,20,0.05,27,0.03704,14.15,13.67,0.78,21
Jim Spicuzza,1995,18,0,0,5,11,0.0,18,0.0,20.11,15.89,0.0,0
Jim Venable,1995,20,0,3,5,16,0.0,20,0.0,14.2,15.55,2.8,56
Jimmy Dick,1995,3,0,0,0,2,0.0,3,0.0,26.67,19.0,0.0,0
Joe Bessey,1995,1,0,0,0,0,0.0,1,0.0,13.0,38.0,0.0,0
Joe Nemechek,1995,15,0,0,2,8,0.0,15,0.0,21.47,20.0,0.0,0
John Borneman,1995,1,0,0,0,0,0.0,1,0.0,33.0,33.0,0.0,0
John Redding,1995,9,0,0,0,4,0.0,9,0.0,19.89,21.33,0.0,0
Ken Schrader,1995,9,1,3,5,6,0.11111,9,0.11111,8.44,14.67,6.0,54
Kenny Allen,1995,11,0,0,0,6,0.0,11,0.0,24.09,20.55,0.0,0
Kevin Doran,1995,2,0,0,0,1,0.0,2,0.0,11.5,21.0,0.0,0
Kurt Roehrig,1995,9,0,3,6,8,0.0,9,0.0,10.11,10.0,0.0,0
Larry Carnes,1995,5,0,0,0,3,0.0,5,0.0,26.4,20.2,0.0,0
Linda Mountanos,1995,18,0,1,3,12,0.0,18,0.0,14.06,16.67,0.0,0
Lou Gigliotti,1995,1,0,0,0,1,0.0,1,0.0,27.0,20.0,0.0,0
Marion Collins,1995,4,0,0,1,3,0.0,4,0.0,16.75,17.75,0.0,0
Mark Simo,1995,20,2,12,20,23,0.1,25,0.08,7.8,7.2,8.72,218
Marshall Chesrown,1995,20,0,5,10,17,0.0,21,0.0,11.52,11.52,1.76,37
Mike Harvick,1995,1,0,0,0,0,0.0,1,0.0,27.0,27.0,0.0,0
Mike Hurlbert,1995,11,0,0,0,4,0.0,11,0.0,27.55,22.09,0.0,0
Mike Mittler,1995,4,0,0,0,0,0.0,4,0.0,29.75,25.25,0.0,0
Petty Enterprises,1995,5,0,1,2,5,0.0,5,0.0,14.8,11.0,0.0,0
Randy MacDonald,1995,1,0,0,0,0,0.0,1,0.0,32.0,37.0,0.0,0
Raul Flores,1995,2,0,0,0,1,0.0,2,0.0,23.5,21.0,0.0,0
Richard Balestrieri,1995,3,0,0,0,1,0.0,3,0.0,20.0,21.67,0.0,0
Richard Childress,1995,20,8,17,19,20,0.4,22,0.36364,4.73,5.82,47.86,1053
Rick Hendrick,1995,20,1,8,15,27,0.05,35,0.02857,11.71,12.91,3.46,121
Ron Keselowski,1995,16,0,0,4,10,0.0,16,0.0,19.75,18.19,0.0,0
Scoop Vessels,1995,20,0,1,2,14,0.0,22,0.0,13.09,18.91,0.45,10
Steve McEachern,1995,5,0,0,0,3,0.0,5,0.0,25.0,21.2,0.0,0
Steven Sellers,1995,1,0,0,0,0,0.0,1,0.0,24.0,27.0,0.0,0
Susan Combs,1995,3,0,0,0,1,0.0,3,0.0,16.0,24.0,0.0,0
T.J. Clark,1995,13,0,0,0,4,0.0,13,0.0,27.23,24.15,0.0,0
Thee Dixon,1995,4,0,0,0,1,0.0,4,0.0,27.0,24.25,0.0,0
Tim Nooner,1995,2,0,0,0,1,0.0,2,0.0,21.5,21.0,0.0,0
Tommy Archer,1995,3,0,0,1,2,0.0,3,0.0,26.67,18.33,0.0,0
Walker Evans,1995,18,0,0,1,7,0.0,20,0.0,22.35,22.6,0.0,0
Walter Lane,1995,2,0,0,0,0,0.0,2,0.0,29.0,23.5,0.0,0
Wayne Dokken,1995,7,0,0,0,3,0.0,7,0.0,19.0,21.57,0.0,0
Wayne Jacks,1995,5,0,0,0,3,0.0,5,0.0,17.4,20.6,0.0,0
Wayne Spears,1995,20,0,6,13,17,0.0,20,0.0,8.3,10.9,4.5,90
Wilbur Bunce,1995,1,0,0,0,1,0.0,1,0.0,18.0,20.0,0.0,0
A.J. Foyt,1996,2,0,0,0,0,0.0,2,0.0,26.5,30.5,0.0,0
Andy Campbell,1996,4,0,0,1,3,0.0,4,0.0,28.25,15.75,0.0,0
Arne Henriksen,1996,1,0,0,0,0,0.0,1,0.0,29.0,32.0,0.0,0
Bernie Cox,1996,1,0,0,0,0,0.0,1,0.0,27.0,26.0,0.0,0
Bill Elliott,1996,7,0,1,3,5,0.0,7,0.0,10.86,15.14,4.86,34
Bill Stroppe,1996,6,0,0,0,1,0.0,6,0.0,23.83,23.0,0.0,0
Billy Ballew,1996,16,0,0,1,9,0.0,16,0.0,23.63,19.38,0.0,0
"Billy Ogle, Jr.",1996,1,0,0,0,1,0.0,1,0.0,29.0,19.0,0.0,0
Bob Best,1996,11,0,0,4,7,0.0,11,0.0,18.36,16.18,3.55,39
Bob Blake,1996,4,0,0,0,0,0.0,4,0.0,20.75,24.75,0.0,0
Bob Brevak,1996,24,0,0,0,11,0.0,25,0.0,28.88,20.96,0.0,0
Bobby Gerhart,1996,3,0,0,0,1,0.0,3,0.0,26.0,22.67,0.0,0
Carl Wegner,1996,1,0,0,0,1,0.0,1,0.0,30.0,20.0,0.0,0
Carlos Serrano,1996,3,0,0,0,1,0.0,3,0.0,29.67,21.0,0.0,0
Cathy Venturini,1996,1,0,0,0,0,0.0,1,0.0,34.0,31.0,0.0,0
Charles Zahn,1996,1,0,0,0,0,0.0,1,0.0,23.0,31.0,0.0,0
Cheryl Cox,1996,2,0,0,1,1,0.0,2,0.0,26.5,19.5,0.0,0
Chuck Spicer,1996,3,0,0,0,0,0.0,3,0.0,14.33,29.33,38.67,116
Courtney Register,1996,3,0,0,0,0,0.0,3,0.0,24.0,25.67,0.0,0
"Dale Earnhardt, Inc.",1996,24,4,18,23,24,0.16667,25,0.16,8.16,4.96,33.32,833
Dan Obrist,1996,1,0,0,0,0,0.0,1,0.0,28.0,22.0,0.0,0
Dan Press,1996,6,0,1,1,2,0.0,6,0.0,18.83,21.33,0.0,0
Darrell Waltrip,1996,24,0,4,12,20,0.0,29,0.0,17.66,15.86,0.28,8
David Dollar,1996,1,0,0,0,0,0.0,1,0.0,34.0,33.0,0.0,0
DeWilton Genzman,1996,3,0,0,0,3,0.0,3,0.0,31.0,18.33,0.0,0
Del Markle,1996,1,0,0,0,0,0.0,1,0.0,25.0,35.0,0.0,0
"Doug Thorpe, Jr.",1996,1,0,0,0,0,0.0,1,0.0,28.0,25.0,0.0,0
Duke Thorson,1996,3,0,0,0,1,0.0,3,0.0,25.0,19.33,0.0,0
Felix Sabates,1996,8,0,2,5,7,0.0,8,0.0,8.75,10.0,0.0,0
Gary Miller,1996,1,0,0,0,0,0.0,1,0.0,36.0,36.0,0.0,0
Geoffrey Bodine,1996,24,3,8,14,21,0.125,30,0.1,15.4,14.1,3.67,110
Gina Cope,1996,4,0,0,0,1,0.0,4,0.0,19.5,26.25,0.0,0
Greg Turnage,1996,7,0,0,0,1,0.0,7,0.0,15.29,24.71,0.0,0
Grier Lackey,1996,24,0,5,14,19,0.0,26,0.0,8.38,14.35,3.96,103
Harry Johnson,1996,7,0,0,0,2,0.0,7,0.0,29.43,24.57,0.0,0
Jack Roush,1996,24,1,11,22,28,0.04167,32,0.03125,11.19,10.16,6.53,209
Jerry Glanville,1996,5,0,0,0,2,0.0,5,0.0,29.8,20.0,0.0,0
Jim Herrick,1996,24,0,8,11,18,0.0,25,0.0,9.48,13.6,1.28,32
Jim Rosenblum,1996,3,0,0,0,2,0.0,3,0.0,31.67,21.33,0.0,0
Jim Smith,1996,24,2,10,12,20,0.08333,25,0.08,8.16,11.28,13.88,347
Jim Spicuzza,1996,1,0,0,0,0,0.0,1,0.0,33.0,31.0,0.0,0
Jim Venable,1996,24,0,1,8,19,0.0,24,0.0,21.5,14.67,0.0,0
Jimmy Davis,1996,1,0,0,0,0,0.0,1,0.0,32.0,33.0,0.0,0
Joe Bessey,1996,1,0,0,1,1,0.0,1,0.0,4.0,6.0,0.0,0
Joe Horner,1996,4,0,0,0,0,0.0,4,0.0,22.0,28.0,0.0,0
Joe Madore,1996,2,0,0,0,1,0.0,2,0.0,28.5,22.0,0.0,0
Joe Nemechek,1996,2,0,1,2,2,0.0,2,0.0,3.5,5.0,0.0,0
John Nemechek,1996,24,0,0,2,18,0.0,24,0.0,17.33,18.08,0.0,0
Ken Schrader,1996,9,0,0,4,6,0.0,9,0.0,11.78,17.44,1.33,12
Kenny Allen,1996,20,0,0,1,8,0.0,20,0.0,27.45,22.75,0.0,0
Kevin Doran,1996,6,0,0,0,1,0.0,6,0.0,19.17,27.17,0.0,0
Kevin Grubb,1996,2,0,0,0,1,0.0,2,0.0,15.0,26.5,0.0,0
Kurt Roehrig,1996,8,0,2,6,7,0.0,8,0.0,5.88,10.0,16.13,129
Larry Carnes,1996,12,0,0,0,1,0.0,12,0.0,30.17,26.67,0.0,0
Linda Mountanos,1996,6,0,0,0,3,0.0,7,0.0,22.0,22.71,0.0,0
Mark Simo,1996,24,0,4,10,24,0.0,31,0.0,13.45,14.87,2.55,79
Marshall Chesrown,1996,24,1,2,10,20,0.04167,26,0.03846,16.23,14.35,1.5,39
Michael Waltrip,1996,1,0,1,1,1,0.0,1,0.0,27.0,4.0,0.0,0
Mike Colabucci,1996,3,0,0,0,0,0.0,3,0.0,19.0,29.0,0.0,0
Mike Harvick,1996,4,0,0,0,1,0.0,4,0.0,15.5,26.75,0.0,0
Mike Hurlbert,1996,12,0,0,0,0,0.0,12,0.0,31.75,30.58,0.0,0
Mike Mittler,1996,4,0,0,0,0,0.0,4,0.0,25.5,26.5,0.0,0
Milo Januska,1996,2,0,0,0,1,0.0,2,0.0,27.0,20.5,0.0,0
Mueller Brothers,1996,4,0,0,1,2,0.0,4,0.0,15.25,19.25,0.0,0
Petty Enterprises,1996,24,0,5,9,18,0.0,24,0.0,9.92,14.67,7.5,180
Raymond Scanlan,1996,9,0,0,0,5,0.0,9,0.0,22.33,22.33,0.0,0
Richard Childress,1996,24,8,17,20,23,0.33333,25,0.32,5.52,6.32,61.32,1533
Rick Hendrick,1996,24,5,18,21,23,0.20833,24,0.20833,5.83,5.25,30.54,733
Rick McCray,1996,2,0,0,0,1,0.0,2,0.0,23.0,22.0,0.0,0
Rob Rizzo,1996,4,0,0,1,2,0.0,4,0.0,17.5,19.25,0.0,0
Roger Penske,1996,10,0,1,3,7,0.0,10,0.0,14.9,16.7,0.0,0
Ron Keselowski,1996,23,0,0,1,12,0.0,23,0.0,17.13,22.0,0.0,0
Ron Norick,1996,8,0,0,0,1,0.0,8,0.0,26.63,26.5,0.0,0
Rudy Proctor,1996,1,0,0,0,1,0.0,1,0.0,10.0,20.0,0.0,0
Scoop Vessels,1996,2,0,0,0,1,0.0,2,0.0,30.0,25.0,0.0,0
Steve Coulter,1996,1,0,0,0,0,0.0,1,0.0,16.0,29.0,0.0,0
Steven Sellers,1996,7,0,0,0,3,0.0,7,0.0,23.29,23.29,0.0,0
Susan Combs,1996,3,0,0,0,2,0.0,3,0.0,16.33,19.67,0.0,0
T.J. Clark,1996,15,0,0,0,5,0.0,15,0.0,24.93,24.13,0.0,0
Thee Dixon,1996,4,0,0,0,0,0.0,5,0.0,26.2,27.0,0.0,0
True Dee Paques,1996,1,0,0,0,1,0.0,1,0.0,18.0,15.0,0.0,0
Walker Evans,1996,24,0,0,5,20,0.0,45,0.0,22.38,21.38,0.0,0
Wayne Dokken,1996,17,0,0,3,8,0.0,17,0.0,20.12,21.06,0.0,0
Wayne Jacks,1996,2,0,0,0,1,0.0,2,0.0,31.5,25.5,0.0,0
Wayne Spears,1996,24,0,0,7,15,0.0,24,0.0,15.04,17.29,0.0,0
Wilbur Bunce,1996,4,0,0,0,1,0.0,4,0.0,22.75,23.25,0.0,0
William Grubb,1996,2,0,0,0,1,0.0,2,0.0,20.5,25.0,0.0,0
A.J. Foyt,1997,2,0,0,0,1,0.0,2,0.0,16.0,26.5,0.0,0
Andy Campbell,1997,1,0,0,0,0,0.0,1,0.0,23.0,30.0,0.0,0
Arne Henriksen,1997,2,0,0,0,0,0.0,2,0.0,35.5,23.5,0.0,0
B.A. Wilson,1997,2,0,0,0,1,0.0,2,0.0,17.0,22.5,0.0,0
Bill Elliott,1997,2,0,0,1,1,0.0,2,0.0,19.0,19.5,0.0,0
Billy Ballew,1997,6,0,0,0,2,0.0,6,0.0,28.67,23.0,0.0,0
Billy Hess,1997,5,1,1,1,2,0.2,5,0.2,9.2,18.4,4.2,21
Blaise Alexander,1997,2,0,0,1,2,0.0,2,0.0,20.5,11.5,0.0,0
Bob Blake,1997,14,0,0,0,8,0.0,14,0.0,29.29,22.07,0.0,0
Bob Brevak,1997,26,0,0,2,15,0.0,30,0.0,25.07,22.37,0.0,0
Bobby Hamilton Racing,1997,2,0,1,2,2,0.0,2,0.0,15.0,5.5,0.0,0
Carl Wegner,1997,7,0,0,0,2,0.0,7,0.0,27.86,24.14,0.0,0
Charles Hardy,1997,26,0,1,7,17,0.0,26,0.0,20.04,17.46,0.0,0
Clarence Brewer,1997,7,0,0,2,5,0.0,8,0.0,12.0,17.38,0.0,0
"Dale Earnhardt, Inc.",1997,26,7,13,17,18,0.26923,27,0.25926,7.74,11.78,44.93,1213
Dale Phelon,1997,26,0,0,2,10,0.0,26,0.0,15.81,23.19,0.04,1
Dana Dorman,1997,5,0,2,2,2,0.0,5,0.0,14.6,21.4,8.0,40
Darrell Waltrip,1997,26,3,15,17,23,0.11538,26,0.11538,7.5,8.73,24.23,630
Dave Goulet,1997,1,0,0,0,0,0.0,1,0.0,27.0,22.0,0.0,0
David Dollar,1997,2,0,0,1,1,0.0,2,0.0,29.0,16.5,0.0,0
David Hodson,1997,26,0,3,8,19,0.0,26,0.0,18.04,15.69,0.0,0
DeWilton Genzman,1997,2,0,0,0,0,0.0,2,0.0,23.5,28.0,0.0,0
Dick Greenfield,1997,3,0,0,0,1,0.0,3,0.0,27.67,22.0,0.0,0
Doc MacDonald,1997,3,0,0,0,0,0.0,3,0.0,23.0,29.33,0.0,0
"Don Ling, Sr.",1997,3,0,0,0,0,0.0,3,0.0,28.33,31.33,0.0,0
Duke Thorson,1997,15,0,0,0,5,0.0,15,0.0,22.13,23.53,0.0,0
Ed Scherer,1997,11,0,0,0,0,0.0,11,0.0,21.73,28.64,0.0,0
Eugene Hieber,1997,1,0,0,0,0,0.0,1,0.0,36.0,22.0,0.0,0
Gary Higgs,1997,1,0,0,0,0,0.0,1,0.0,15.0,27.0,0.0,0
Gene Marquardt,1997,1,0,0,0,1,0.0,1,0.0,24.0,16.0,0.0,0
Geoffrey Bodine,1997,23,0,0,1,19,0.0,26,0.0,17.12,18.27,0.08,2
Gerald Voyles,1997,1,0,0,0,1,0.0,1,0.0,19.0,13.0,0.0,0
Greg Turnage,1997,2,0,0,0,0,0.0,2,0.0,24.5,29.0,0.0,0
Grier Lackey,1997,5,0,0,0,2,0.0,5,0.0,21.2,20.4,0.0,0
Harry Brix,1997,5,0,0,0,1,0.0,5,0.0,26.4,29.2,0.0,0
Harry Ranier,1997,3,0,0,1,2,0.0,3,0.0,18.0,14.0,0.0,0
Jack Roush,1997,26,5,17,30,45,0.19231,52,0.09615,14.13,10.79,2.87,149
James Buford,1997,1,0,0,0,1,0.0,1,0.0,5.0,18.0,0.0,0
Jerry Glanville,1997,2,0,0,0,0,0.0,2,0.0,21.0,30.5,0.0,0
Jerry Lawrence,1997,1,0,0,0,0,0.0,1,0.0,27.0,32.0,0.0,0
Jerry Wharton,1997,2,0,0,0,0,0.0,2,0.0,18.0,32.0,6.5,13
Jim Clark,1997,3,0,1,2,3,0.0,3,0.0,20.67,9.67,0.33,1
Jim Herrick,1997,26,2,7,10,19,0.07692,28,0.07143,15.29,15.36,2.61,73
Jim Smith,1997,26,1,11,18,23,0.03846,32,0.03125,11.91,12.59,21.44,686
Joe Ambrose,1997,1,0,0,0,0,0.0,1,0.0,29.0,21.0,0.0,0
Joe Gaita,1997,1,0,0,0,0,0.0,1,0.0,32.0,21.0,0.0,0
Joe Horner,1997,5,0,0,0,2,0.0,5,0.0,21.2,25.8,0.0,0
Joe Nemechek,1997,1,0,0,0,0,0.0,1,0.0,8.0,27.0,0.0,0
John Blewett,1997,2,0,0,0,0,0.0,2,0.0,20.5,31.5,0.0,0
John Nemechek,1997,3,0,0,0,1,0.0,3,0.0,17.33,25.67,0.0,0
Ken Schrader,1997,24,0,2,10,17,0.0,27,0.0,18.96,17.81,5.3,143
Kenneth Appling,1997,1,0,0,0,0,0.0,1,0.0,27.0,32.0,0.0,0
Kenny Allen,1997,19,0,0,0,7,0.0,19,0.0,27.89,22.84,0.0,0
Kevin Doran,1997,10,0,0,0,5,0.0,12,0.0,24.08,23.67,0.0,0
Kevin Grubb,1997,2,0,0,0,2,0.0,2,0.0,13.5,12.0,0.0,0
Kurt Roehrig,1997,26,1,5,11,23,0.03846,49,0.02041,14.57,19.96,5.65,277
Lou Gigliotti,1997,1,0,0,0,0,0.0,1,0.0,28.0,26.0,0.0,0
Mark Simo,1997,26,0,4,5,16,0.0,29,0.0,16.79,19.41,2.41,70
Marshall Chesrown,1997,26,0,6,17,23,0.0,26,0.0,16.04,11.0,2.42,63
Michael Waltrip,1997,3,0,0,1,1,0.0,3,0.0,13.67,24.33,0.0,0
Mike Colabucci,1997,4,0,0,1,2,0.0,4,0.0,20.0,19.75,0.0,0
Mike Farris,1997,6,0,0,0,3,0.0,6,0.0,21.83,22.67,0.0,0
Mike Mittler,1997,3,0,0,0,0,0.0,3,0.0,15.33,26.67,0.0,0
Mike Rose,1997,3,0,0,0,1,0.0,3,0.0,23.0,22.67,0.0,0
Mike Thompson,1997,1,0,0,0,0,0.0,1,0.0,23.0,37.0,0.0,0
Milan Garrett,1997,1,0,0,0,0,0.0,1,0.0,32.0,31.0,0.0,0
Milo Januska,1997,1,0,0,0,0,0.0,1,0.0,37.0,37.0,0.0,0
Petty Enterprises,1997,26,0,4,14,23,0.0,27,0.0,13.85,11.85,8.11,219
Raymond Scanlan,1997,5,0,0,0,2,0.0,5,0.0,25.8,20.8,0.0,0
Richard Childress,1997,26,1,10,15,21,0.03846,27,0.03704,19.33,12.07,2.0,54
Rick Hendrick,1997,26,3,16,23,25,0.11538,26,0.11538,7.42,6.27,38.62,1004
Rick McCray,1997,5,0,0,0,1,0.0,5,0.0,22.0,24.6,0.0,0
Rob Rizzo,1997,13,0,0,1,5,0.0,14,0.0,23.07,24.5,0.0,0
Ron Keselowski,1997,26,1,2,6,15,0.03846,26,0.03846,17.5,17.54,4.19,109
Ron Norick,1997,15,0,0,1,6,0.0,15,0.0,20.73,23.73,0.0,0
Sam Beatty,1997,1,0,0,0,0,0.0,1,0.0,24.0,36.0,0.0,0
Steve Coulter,1997,15,1,2,5,9,0.06667,15,0.06667,16.07,18.6,0.8,12
Steve Lucore,1997,2,0,0,0,0,0.0,3,0.0,26.33,29.33,0.0,0
T.J. Clark,1997,2,0,0,0,0,0.0,2,0.0,21.0,27.0,0.0,0
Ted Phillips,1997,2,0,0,0,0,0.0,2,0.0,30.5,31.0,0.0,0
Thee Dixon,1997,1,0,0,0,1,0.0,1,0.0,31.0,19.0,0.0,0
Thomas Stump,1997,1,0,0,0,1,0.0,1,0.0,38.0,15.0,0.0,0
Tim Buckley,1997,7,0,0,0,1,0.0,7,0.0,24.86,25.71,0.0,0
Tom Gloy,1997,8,0,1,1,3,0.0,8,0.0,13.13,21.25,4.38,35
Tom Mitchell,1997,26,0,1,10,20,0.0,27,0.0,17.07,15.26,0.89,24
Walker Evans,1997,26,0,5,12,20,0.0,28,0.0,20.32,15.04,0.0,0
Wayne Spears,1997,24,0,0,2,9,0.0,26,0.0,20.77,22.31,0.04,1
Wilbur Bunce,1997,2,0,0,0,1,0.0,2,0.0,31.5,21.0,0.0,0
William Grubb,1997,5,0,0,0,0,0.0,5,0.0,24.6,27.0,0.0,0
Andy Campbell,1998,2,0,0,0,1,0.0,2,0.0,27.5,22.5,0.0,0
Auggie Vidovich,1998,1,0,0,0,0,0.0,1,0.0,32.0,25.0,0.0,0
B.A. Wilson,1998,8,0,0,0,4,0.0,8,0.0,21.38,23.5,0.0,0
Bill Westbrook,1998,1,0,0,0,0,0.0,1,0.0,25.0,36.0,0.0,0
Billy Ballew,1998,5,0,1,2,2,0.0,5,0.0,12.6,18.8,0.0,0
Billy Hess,1998,5,0,0,1,1,0.0,5,0.0,15.0,27.4,0.0,0
Bob Brevak,1998,27,0,0,4,10,0.0,27,0.0,20.19,22.19,0.0,0
Bobby Hamilton Racing,1998,3,0,0,0,0,0.0,3,0.0,24.0,33.67,0.0,0
Buddy Morrison,1998,6,0,0,0,1,0.0,6,0.0,27.5,25.5,0.17,1
Charles Hardy,1998,27,0,2,10,20,0.0,27,0.0,16.67,14.96,1.7,46
Clarence Brewer,1998,27,0,0,3,14,0.0,27,0.0,25.81,19.11,0.0,0
"Dale Earnhardt, Inc.",1998,27,6,16,22,23,0.22222,27,0.22222,8.11,7.19,32.93,889
Dale Phelon,1998,27,0,3,9,17,0.0,27,0.0,16.96,18.0,2.44,66
David Dollar,1998,2,0,0,0,0,0.0,2,0.0,10.5,27.0,0.0,0
David Hodson,1998,27,2,9,14,22,0.07407,27,0.07407,11.59,12.15,17.3,467
Dick Greenfield,1998,5,0,0,2,4,0.0,6,0.0,17.0,16.5,0.0,0
Dominic Dobson,1998,22,0,0,1,5,0.0,22,0.0,24.14,26.45,0.91,20
Don VanDenBos,1998,3,0,0,0,1,0.0,3,0.0,22.33,27.67,0.0,0
Duke Thorson,1998,27,1,3,6,13,0.03704,28,0.03571,16.82,20.21,1.5,42
Ed Scherer,1998,13,0,0,0,6,0.0,13,0.0,28.15,21.69,0.0,0
Fred Horn,1998,3,0,0,0,1,0.0,3,0.0,32.67,24.0,0.0,0
Jack Roush,1998,27,1,22,31,40,0.03704,55,0.01818,10.69,12.04,10.58,582
James Buford,1998,2,0,0,0,0,0.0,2,0.0,24.0,27.5,0.0,0
James Liguori,1998,2,0,0,0,0,0.0,2,0.0,33.0,26.5,0.0,0
Jay Stewart,1998,1,0,0,0,0,0.0,1,0.0,35.0,29.0,0.0,0
Jeff Spraker,1998,1,0,0,0,0,0.0,1,0.0,35.0,26.0,0.0,0
Jerry Glanville,1998,3,0,0,0,0,0.0,3,0.0,31.0,28.67,0.0,0
Jerry Gunderman,1998,2,0,0,0,1,0.0,2,0.0,16.5,18.5,0.0,0
Jerry Lawrence,1998,1,0,0,0,0,0.0,1,0.0,34.0,33.0,0.0,0
Jerry Wharton,1998,23,0,1,1,10,0.0,23,0.0,17.39,22.52,1.74,40
Jim Clark,1998,10,0,0,0,3,0.0,10,0.0,19.9,23.8,0.0,0
Jim Herrick,1998,27,0,0,5,16,0.0,31,0.0,24.81,20.61,0.29,9
Jim Mattei,1998,1,0,0,0,0,0.0,1,0.0,21.0,35.0,0.0,0
Jim Smith,1998,27,2,5,9,19,0.07407,29,0.06897,7.93,16.21,28.28,820
Joe Ambrose,1998,2,0,0,0,0,0.0,2,0.0,30.0,33.0,0.0,0
Joe Gaita,1998,3,0,0,0,0,0.0,3,0.0,23.0,31.33,0.0,0
Joe Horner,1998,4,0,0,0,1,0.0,4,0.0,11.75,24.75,0.0,0
Joe Nemechek,1998,1,0,0,1,1,0.0,1,0.0,26.0,6.0,0.0,0
Ken Schrader,1998,27,0,3,11,18,0.0,27,0.0,12.48,15.93,2.37,64
Kenneth Brown,1998,2,0,0,0,1,0.0,2,0.0,15.5,25.5,0.0,0
Kevin Doran,1998,1,0,0,0,0,0.0,1,0.0,21.0,25.0,0.0,0
Kurt Roehrig,1998,27,3,9,15,22,0.11111,27,0.11111,12.15,11.63,8.37,226
Marion Lawson,1998,1,0,0,0,0,0.0,1,0.0,33.0,33.0,0.0,0
Mark Simo,1998,27,1,4,7,15,0.03704,30,0.03333,16.67,18.4,3.83,115
Marshall Chesrown,1998,27,1,4,10,20,0.03704,27,0.03704,16.48,15.78,5.0,135
Marty Walsh,1998,2,0,0,0,0,0.0,2,0.0,29.5,33.0,0.0,0
Michael Waltrip,1998,1,0,0,0,0,0.0,1,0.0,31.0,31.0,0.0,0
Mike Addington,1998,27,1,6,9,19,0.03704,27,0.03704,17.3,15.93,3.81,103
Mike Clark,1998,3,0,0,0,0,0.0,4,0.0,26.25,28.25,0.0,0
Mike Farris,1998,2,0,0,0,0,0.0,2,0.0,34.0,28.0,0.0,0
Mike Mittler,1998,13,0,0,0,2,0.0,13,0.0,27.77,27.54,0.0,0
Mike Skinner,1998,4,0,1,2,3,0.0,4,0.0,12.0,14.5,1.0,4
Mike Thompson,1998,1,0,0,0,0,0.0,1,0.0,28.0,23.0,0.0,0
Milan Garrett,1998,3,0,0,0,1,0.0,3,0.0,31.33,28.0,0.0,0
Petty Enterprises,1998,27,1,9,15,22,0.03704,27,0.03704,16.93,11.78,8.15,220
Phil Bonifield,1998,11,0,0,0,4,0.0,11,0.0,26.55,26.55,0.0,0
Raynard McGlynn,1998,2,0,0,0,0,0.0,2,0.0,34.5,28.5,0.0,0
Richard Childress,1998,27,1,7,14,25,0.03704,27,0.03704,12.48,10.37,4.19,113
Rick Hendrick,1998,27,5,16,23,25,0.18519,27,0.18519,6.15,6.93,31.0,837
Rick McCray,1998,6,0,0,0,0,0.0,6,0.0,27.33,28.67,0.0,0
"Ron Hornaday, Jr.",1998,2,0,0,0,0,0.0,2,0.0,36.5,28.0,0.0,0
Ron Keselowski,1998,27,1,1,8,19,0.03704,28,0.03571,20.57,16.0,1.18,33
Ron Norick,1998,27,0,2,10,27,0.0,53,0.0,23.13,19.81,0.13,7
Sammy Potashnick,1998,3,0,0,0,1,0.0,3,0.0,28.67,25.33,0.0,0
Steve Coulter,1998,26,0,3,11,17,0.0,26,0.0,16.27,16.23,2.58,67
Steve Lucore,1998,5,0,0,0,0,0.0,5,0.0,31.4,25.6,0.0,0
Tammy Jo Kirk,1998,13,0,0,0,6,0.0,13,0.0,26.23,23.77,0.0,0
Thee Dixon,1998,1,0,0,0,0,0.0,1,0.0,21.0,31.0,0.0,0
Tim Beverley,1998,3,0,0,0,2,0.0,3,0.0,4.67,18.67,0.0,0
Tim Buckley,1998,1,0,0,0,0,0.0,1,0.0,25.0,26.0,0.0,0
Tom Gloy,1998,27,0,1,4,19,0.0,27,0.0,21.67,18.04,0.0,0
Tom Mitchell,1998,27,1,4,5,15,0.03704,27,0.03704,14.0,18.44,1.15,31
Walker Evans,1998,2,0,0,0,0,0.0,2,0.0,34.5,32.5,0.0,0
Wayne Jacks,1998,1,0,0,0,0,0.0,1,0.0,31.0,30.0,0.0,0
Wayne Spears,1998,27,0,3,5,19,0.0,27,0.0,17.44,16.59,0.67,18
Wilbur Bunce,1998,2,0,0,0,0,0.0,2,0.0,25.5,32.0,0.0,0
William Rose,1998,2,0,0,0,2,0.0,2,0.0,28.0,18.0,0.0,0
Wilson Bagwell,1998,2,0,0,0,0,0.0,2,0.0,32.5,31.0,0.0,0
Allen Reyen,1999,5,0,0,0,3,0.0,5,0.0,22.4,23.4,0.0,0
Andy Campbell,1999,2,0,0,0,0,0.0,2,0.0,27.5,31.5,0.0,0
Auggie Vidovich,1999,2,0,0,0,0,0.0,2,0.0,26.0,26.0,0.0,0
B.A. Wilson,1999,7,0,0,0,2,0.0,7,0.0,20.86,25.14,0.0,0
Billy Ballew,1999,1,0,0,0,1,0.0,1,0.0,30.0,14.0,0.0,0
Bob Brevak,1999,25,0,2,7,13,0.0,25,0.0,20.6,17.76,0.0,0
Bob Keselowski,1999,25,3,11,19,22,0.12,25,0.12,9.96,8.72,17.08,427
Bobby Hamilton Racing,1999,25,0,4,14,20,0.0,32,0.0,12.44,15.34,2.97,95
Bobby Sands,1999,1,0,0,0,0,0.0,1,0.0,34.0,27.0,0.0,0
Bow Carpenter,1999,1,0,0,0,0,0.0,1,0.0,34.0,28.0,0.0,0
"Dale Earnhardt, Inc.",1999,25,2,7,16,20,0.08,25,0.08,8.24,10.92,37.72,943
Dale Phelon,1999,25,0,1,9,20,0.0,25,0.0,20.32,13.84,0.0,0
Dan Selznick,1999,3,0,0,0,3,0.0,3,0.0,24.33,18.33,0.0,0
David Dollar,1999,25,0,1,1,9,0.0,26,0.0,23.38,22.12,0.04,1
David Hodson,1999,25,0,14,27,44,0.0,50,0.0,8.74,10.86,6.82,341
Dennis Sockwell,1999,3,0,0,0,1,0.0,3,0.0,25.33,23.0,0.0,0
Dick Greenfield,1999,2,0,0,0,2,0.0,2,0.0,12.5,15.5,0.0,0
Dominic Dobson,1999,1,0,0,0,0,0.0,1,0.0,32.0,25.0,0.0,0
Duke Thorson,1999,25,0,1,3,19,0.0,26,0.0,17.46,17.42,0.58,15
Fred Horn,1999,3,0,0,0,0,0.0,3,0.0,28.0,33.0,0.0,0
Harold Steele,1999,13,0,0,1,7,0.0,13,0.0,22.62,19.0,3.46,45
Jack Roush,1999,25,10,20,32,43,0.4,50,0.2,7.64,9.42,13.72,686
James Liguori,1999,5,0,0,0,1,0.0,5,0.0,29.4,24.2,0.0,0
Jay Miller,1999,1,0,0,0,0,0.0,1,0.0,33.0,29.0,0.0,0
Jeff Spraker,1999,1,0,0,0,0,0.0,1,0.0,27.0,28.0,0.0,0
Jerry Glanville,1999,4,0,0,0,0,0.0,4,0.0,28.75,25.0,0.0,0
Jerry Gunderman,1999,1,0,0,0,1,0.0,1,0.0,22.0,19.0,0.0,0
Jerry Mueller,1999,2,0,0,0,0,0.0,2,0.0,28.5,26.0,0.0,0
Jim Herrick,1999,25,0,6,11,18,0.0,25,0.0,11.2,14.04,8.56,214
Jim Rosenblum,1999,1,0,0,0,0,0.0,1,0.0,28.0,28.0,0.0,0
Jim Smith,1999,25,2,12,14,21,0.08,27,0.07407,15.0,12.0,9.67,261
Joe Gaita,1999,1,0,0,0,0,0.0,1,0.0,31.0,30.0,0.0,0
Joe Jenkins III,1999,1,0,0,0,0,0.0,1,0.0,31.0,29.0,0.0,0
Joe Nemechek,1999,4,1,2,2,3,0.25,4,0.25,10.0,10.0,15.5,62
Joey Sonntag,1999,21,0,0,0,7,0.0,22,0.0,24.05,25.05,0.36,8
John Conely,1999,23,0,0,0,9,0.0,25,0.0,25.56,24.04,0.24,6
John Young,1999,4,0,0,0,0,0.0,4,0.0,25.0,29.0,0.0,0
Ken Schrader,1999,25,0,1,3,18,0.0,25,0.0,18.56,17.56,0.0,0
Larry Carnes,1999,3,0,0,0,0,0.0,3,0.0,35.0,31.0,0.0,0
Mark Simo,1999,5,0,2,3,4,0.0,5,0.0,9.0,10.6,10.6,53
Marshall Chesrown,1999,10,1,1,4,5,0.1,10,0.1,18.6,18.0,2.1,21
Marty Walsh,1999,7,0,0,0,2,0.0,7,0.0,31.29,27.0,0.0,0
Michael Cohen,1999,1,0,0,0,0,0.0,1,0.0,34.0,30.0,0.0,0
Mike Addington,1999,25,0,5,14,23,0.0,26,0.0,12.54,11.77,0.65,17
Mike Albernaz,1999,20,0,0,1,4,0.0,24,0.0,25.13,25.96,0.54,13
Mike Borkowski,1999,1,0,0,0,0,0.0,1,0.0,29.0,22.0,0.0,0
Mike Clark,1999,2,0,0,0,0,0.0,2,0.0,31.5,31.0,0.0,0
Mike Farris,1999,8,0,0,1,6,0.0,8,0.0,12.38,17.25,6.5,52
Mike Mittler,1999,9,0,0,0,1,0.0,9,0.0,23.33,25.56,0.0,0
Milan Garrett,1999,3,0,0,0,0,0.0,3,0.0,29.67,33.0,0.0,0
Petty Enterprises,1999,25,1,7,15,21,0.04,27,0.03704,11.81,12.3,10.63,287
Raynard McGlynn,1999,13,0,0,0,0,0.0,14,0.0,29.5,28.43,0.0,0
Rich Bickle,1999,2,0,0,1,1,0.0,2,0.0,15.0,21.5,0.0,0
Richard Balestrieri,1999,3,0,0,0,0,0.0,3,0.0,33.33,30.67,0.0,0
Richard Childress,1999,25,2,8,17,24,0.08,28,0.07143,10.71,11.04,4.07,114
Richard Woodland,1999,1,0,0,0,0,0.0,1,0.0,34.0,26.0,0.0,0
Richie Wauters,1999,1,0,0,0,1,0.0,1,0.0,18.0,13.0,0.0,0
Rick Hendrick,1999,25,3,16,19,21,0.12,25,0.12,5.72,8.16,23.24,581
Rick McCray,1999,16,0,0,0,6,0.0,16,0.0,28.25,24.25,0.0,0
Rick Ware,1999,2,0,0,0,0,0.0,2,0.0,32.0,27.0,0.0,0
Robert Long,1999,2,0,0,0,1,0.0,2,0.0,14.5,21.0,0.0,0
"Ron Hornaday, Jr.",1999,5,0,0,0,2,0.0,5,0.0,28.0,21.6,0.0,0
Ron Keselowski,1999,6,0,0,1,3,0.0,6,0.0,11.67,20.17,0.83,5
Ron Norick,1999,22,0,0,1,17,0.0,22,0.0,21.32,19.32,0.0,0
Ronnie Newman,1999,3,0,0,0,0,0.0,3,0.0,32.33,29.33,0.0,0
Russell Kersh,1999,1,0,0,0,1,0.0,1,0.0,7.0,14.0,0.0,0
Stanley Rowland,1999,2,0,0,0,0,0.0,2,0.0,28.5,27.0,0.0,0
Thee Dixon,1999,2,0,0,0,1,0.0,2,0.0,14.0,25.0,0.0,0
Tim Buckley,1999,5,0,0,0,1,0.0,5,0.0,27.0,24.2,0.0,0
Tom Gloy,1999,25,0,1,3,17,0.0,25,0.0,17.52,17.96,2.32,58
Tom Mazzuchi,1999,21,0,0,0,1,0.0,21,0.0,31.62,30.95,0.0,0
Tom Mitchell,1999,25,0,3,10,17,0.0,25,0.0,13.16,15.0,1.84,46
Walker Evans,1999,2,0,0,0,0,0.0,2,0.0,20.5,28.0,0.0,0
Wayne Dokken,1999,2,0,0,0,0,0.0,2,0.0,29.5,31.5,0.0,0
Wayne Spears,1999,25,0,0,1,13,0.0,25,0.0,19.8,20.68,1.2,30
Wilson Bagwell,1999,1,0,0,0,0,0.0,1,0.0,31.0,30.0,0.0,0
Allen Reyen,2000,5,0,0,0,2,0.0,5,0.0,19.8,22.8,0.0,0
Andy Campbell,2000,3,0,0,0,1,0.0,3,0.0,28.67,24.33,0.0,0
Andy Santerre,2000,1,0,0,0,1,0.0,1,0.0,21.0,16.0,0.0,0
Bill McAnally,2000,5,0,0,0,4,0.0,5,0.0,18.0,16.0,0.0,0
Billy Ballew,2000,7,0,0,0,2,0.0,7,0.0,18.14,23.57,1.71,12
Billy Kann,2000,3,0,0,0,0,0.0,3,0.0,34.33,28.67,0.0,0
Bob Brevak,2000,18,0,0,1,2,0.0,18,0.0,27.61,25.33,0.0,0
Bob Keselowski,2000,24,1,8,16,19,0.04167,24,0.04167,11.67,11.58,3.04,73
Bobby Hamilton Racing,2000,24,4,11,13,25,0.16667,34,0.11765,11.21,13.79,23.68,805
"Bobby Hillis, Jr.",2000,2,0,0,0,0,0.0,2,0.0,33.5,32.5,0.0,0
Charles Morgan,2000,1,0,0,0,1,0.0,1,0.0,23.0,18.0,0.0,0
Dale Phelon,2000,24,1,2,8,13,0.04167,24,0.04167,12.75,18.79,1.0,24
David Dollar,2000,24,0,0,1,11,0.0,24,0.0,16.67,21.83,0.25,6
David Hodson,2000,24,1,7,22,33,0.04167,48,0.02083,13.81,15.17,7.44,357
Dennis Sockwell,2000,4,0,0,0,1,0.0,4,0.0,26.25,24.25,0.0,0
Doc MacDonald,2000,24,0,0,1,10,0.0,24,0.0,25.0,22.17,0.0,0
Duke Thorson,2000,24,0,1,8,17,0.0,24,0.0,11.46,16.25,1.04,25
Ed Rensi,2000,24,0,2,8,19,0.0,25,0.0,17.08,14.92,0.36,9
Fred Horn,2000,4,0,0,0,3,0.0,4,0.0,19.25,21.5,0.0,0
Gene Christensen,2000,3,0,0,0,1,0.0,3,0.0,25.33,24.33,0.0,0
George Starr,2000,1,0,0,0,0,0.0,1,0.0,33.0,36.0,0.0,0
Howard Bixman,2000,1,0,0,0,0,0.0,1,0.0,26.0,31.0,0.0,0
Jack Roush,2000,24,9,31,34,44,0.375,49,0.18367,6.98,7.41,26.35,1291
James Liguori,2000,3,0,0,0,0,0.0,3,0.0,25.33,27.67,0.0,0
Jay Stewart,2000,1,0,0,0,0,0.0,1,0.0,37.0,35.0,0.0,0
Jeff Russell,2000,3,0,0,0,0,0.0,3,0.0,26.0,26.0,0.0,0
Jerry Miller,2000,1,0,0,0,0,0.0,1,0.0,31.0,28.0,0.0,0
Jerry Mueller,2000,1,0,0,0,1,0.0,1,0.0,29.0,20.0,0.0,0
Jim Herrick,2000,7,0,1,2,2,0.0,7,0.0,21.71,23.0,0.0,0
Jim Inglebright,2000,7,0,0,0,5,0.0,7,0.0,20.0,19.0,0.0,0
Jim Rosenblum,2000,2,0,0,0,0,0.0,2,0.0,31.0,30.5,0.0,0
Jim Smith,2000,24,2,13,16,20,0.08333,26,0.07692,9.0,11.12,16.0,416
Jimmy Spencer,2000,1,0,0,0,1,0.0,1,0.0,3.0,15.0,14.0,14
Joe Gibbs,2000,15,0,0,0,6,0.0,17,0.0,25.18,24.71,0.0,0
Joey Sonntag,2000,21,0,0,2,11,0.0,22,0.0,21.59,21.32,0.95,21
John Conely,2000,15,0,1,1,8,0.0,15,0.0,26.13,20.53,0.07,1
John Menard,2000,24,1,3,16,20,0.04167,24,0.04167,11.46,11.92,6.17,148
Judith Ann Midgley,2000,2,0,0,0,0,0.0,2,0.0,32.0,26.0,0.0,0
Ken Schrader,2000,7,0,2,4,6,0.0,7,0.0,9.71,10.57,9.71,68
Kevin Banning,2000,7,0,0,0,3,0.0,7,0.0,23.43,23.29,0.0,0
Larry Norfleet,2000,1,0,0,0,0,0.0,1,0.0,33.0,32.0,0.0,0
Lonnie Troxell,2000,13,0,0,0,2,0.0,13,0.0,30.46,26.15,0.0,0
Marty Walsh,2000,22,0,0,0,5,0.0,23,0.0,26.3,25.52,0.0,0
Maurice Petty,2000,7,0,0,1,4,0.0,7,0.0,19.29,20.14,0.0,0
Mike Addington,2000,24,2,13,18,21,0.08333,24,0.08333,7.04,8.0,9.25,222
Mike Albernaz,2000,18,0,0,0,5,0.0,19,0.0,30.84,24.26,0.05,1
Mike Farris,2000,22,0,2,8,13,0.0,22,0.0,14.59,17.23,0.91,20
Mike Mittler,2000,14,0,0,0,4,0.0,14,0.0,21.07,25.43,0.0,0
Milan Garrett,2000,1,0,0,0,0,0.0,1,0.0,26.0,21.0,0.0,0
Peter Prescott,2000,3,0,0,0,0,0.0,3,0.0,26.0,24.33,0.0,0
Petty Enterprises,2000,24,0,6,11,20,0.0,24,0.0,17.46,12.25,2.54,61
Raynard McGlynn,2000,17,0,0,0,3,0.0,17,0.0,31.29,27.35,0.0,0
Richard Woodland,2000,4,0,0,0,1,0.0,4,0.0,25.25,25.5,0.0,0
Rick Hendrick,2000,24,3,13,19,23,0.125,30,0.1,8.47,11.3,16.4,492
Rick McCray,2000,1,0,0,0,0,0.0,1,0.0,25.0,28.0,3.0,3
Rick Ware,2000,19,0,0,1,7,0.0,20,0.0,26.65,21.95,0.25,5
Robert Long,2000,4,0,1,3,3,0.0,4,0.0,15.25,12.5,0.0,0
Rodney Smith,2000,2,0,0,0,0,0.0,2,0.0,28.5,27.0,0.0,0
"Ron Barfield, Jr.",2000,1,0,0,0,1,0.0,1,0.0,20.0,17.0,0.0,0
"Ron Hornaday, Jr.",2000,1,0,0,0,0,0.0,1,0.0,27.0,23.0,0.0,0
Ron Keselowski,2000,3,0,0,1,3,0.0,3,0.0,16.0,10.0,3.0,9
Ron Norick,2000,24,0,0,1,14,0.0,24,0.0,20.5,20.71,0.21,5
Russell Kersh,2000,24,0,0,2,16,0.0,24,0.0,20.25,19.33,0.08,2
Stanley Rowland,2000,3,0,0,0,0,0.0,3,0.0,32.33,28.0,0.0,0
Tammy Provence,2000,4,0,0,0,1,0.0,4,0.0,29.25,24.25,0.0,0
Tom Mazzuchi,2000,10,0,0,0,1,0.0,10,0.0,33.4,30.7,0.0,0
Tom Mitchell,2000,24,0,2,12,21,0.0,24,0.0,12.13,12.71,0.83,20
Walker Evans,2000,1,0,0,0,0,0.0,1,0.0,20.0,28.0,0.0,0
Wayne Spears,2000,24,0,1,10,20,0.0,24,0.0,14.79,14.42,1.13,27
William Richardson,2000,1,0,0,0,0,0.0,1,0.0,28.0,27.0,0.0,0
Bill McAnally,2001,3,0,1,1,3,0.0,3,0.0,17.0,9.0,13.67,41
Billy Ballew,2001,3,0,0,0,1,0.0,3,0.0,29.33,26.0,0.0,0
Bob Brevak,2001,5,0,0,0,1,0.0,5,0.0,28.4,26.4,0.0,0
Bob Coffey,2001,1,0,0,0,0,0.0,1,0.0,32.0,32.0,0.0,0
Bob Keselowski,2001,24,0,5,16,21,0.0,24,0.0,10.33,9.88,2.79,67
Bobby Hamilton Racing,2001,24,3,12,23,43,0.125,61,0.04918,15.08,16.13,7.44,454
Dale Phelon,2001,4,0,1,1,3,0.0,4,0.0,12.5,14.75,0.0,0
David Dollar,2001,24,1,8,15,21,0.04167,24,0.04167,9.79,10.46,4.13,99
David Hodson,2001,18,0,0,0,6,0.0,24,0.0,29.54,26.0,0.0,0
DeWilton Genzman,2001,1,0,0,0,1,0.0,1,0.0,23.0,11.0,2.0,2
Dennis Sockwell,2001,1,0,0,0,1,0.0,1,0.0,22.0,17.0,0.0,0
Derrike Cope,2001,1,0,0,0,1,0.0,1,0.0,21.0,11.0,0.0,0
Doc MacDonald,2001,24,0,0,0,11,0.0,24,0.0,19.71,21.79,0.21,5
Doug Hoelzle,2001,1,0,0,0,0,0.0,1,0.0,30.0,25.0,0.0,0
Doug Keller,2001,4,0,0,0,0,0.0,4,0.0,32.0,24.0,0.0,0
Doug Thompson,2001,3,0,0,0,2,0.0,3,0.0,31.0,23.67,0.0,0
Duke Thorson,2001,24,0,0,11,14,0.0,25,0.0,17.36,17.12,1.16,29
Ed Rensi,2001,19,0,2,6,12,0.0,19,0.0,17.63,17.05,0.53,10
Frank Cioppettini,2001,1,0,0,0,0,0.0,1,0.0,31.0,22.0,0.0,0
Fred Horn,2001,5,0,0,0,1,0.0,5,0.0,25.4,24.2,0.6,3
Gene Christensen,2001,24,0,0,1,16,0.0,33,0.0,25.0,22.45,0.06,2
Howard Bixman,2001,1,0,0,0,0,0.0,1,0.0,27.0,24.0,0.0,0
Jack Roush,2001,24,2,5,16,35,0.08333,48,0.04167,12.79,15.4,7.31,351
James Burr,2001,1,0,0,0,0,0.0,1,0.0,36.0,34.0,0.0,0
James Harris,2001,4,0,1,4,4,0.0,4,0.0,10.0,6.25,0.0,0
James Liguori,2001,10,0,0,0,3,0.0,10,0.0,27.5,27.5,0.0,0
James Murphy,2001,13,0,0,0,1,0.0,13,0.0,30.77,27.69,0.0,0
Jerry Hill,2001,4,0,0,0,1,0.0,4,0.0,31.5,22.75,0.0,0
Jerry Miller,2001,2,0,0,0,0,0.0,2,0.0,35.5,36.0,0.0,0
Jim Inglebright,2001,10,0,0,1,6,0.0,10,0.0,14.7,20.0,0.0,0
Jim Mills,2001,2,0,0,0,0,0.0,3,0.0,34.67,31.67,0.0,0
Jim Smith,2001,24,12,27,34,38,0.5,48,0.25,5.71,8.67,29.69,1425
Joe Gibbs,2001,23,0,2,7,19,0.0,25,0.0,18.8,15.6,0.04,1
Joey Sonntag,2001,18,0,0,1,7,0.0,18,0.0,24.5,24.0,0.0,0
John Conely,2001,1,0,0,0,1,0.0,1,0.0,16.0,18.0,0.0,0
John Menard,2001,8,0,3,6,7,0.0,8,0.0,11.88,10.13,0.25,2
Ken Schrader,2001,10,0,1,6,9,0.0,10,0.0,12.2,11.4,0.4,4
Ken Small,2001,2,0,0,0,0,0.0,2,0.0,21.5,26.5,0.0,0
Kevin Harvick,2001,2,0,1,1,2,0.0,2,0.0,11.0,6.5,0.5,1
Kim Hansen,2001,1,0,0,0,0,0.0,1,0.0,34.0,29.0,0.0,0
Larry Richardson,2001,3,0,0,0,0,0.0,3,0.0,34.67,32.33,0.0,0
Lonnie Troxell,2001,18,0,0,0,2,0.0,18,0.0,28.61,29.11,0.0,0
Marty Walsh,2001,3,0,0,0,2,0.0,3,0.0,18.67,17.0,0.0,0
Mary Ward,2001,1,0,0,0,0,0.0,1,0.0,23.0,30.0,0.0,0
Matt Stowe,2001,3,0,0,0,1,0.0,3,0.0,22.33,24.0,0.0,0
Maurice Petty,2001,1,0,0,0,0,0.0,1,0.0,14.0,34.0,0.0,0
Mike Addington,2001,24,1,11,18,22,0.04167,24,0.04167,9.63,7.63,2.29,55
Mike Farris,2001,8,0,2,3,6,0.0,8,0.0,19.0,16.5,1.88,15
Mike Mittler,2001,18,0,0,0,4,0.0,18,0.0,28.28,27.56,0.0,0
Milan Garrett,2001,1,0,0,0,0,0.0,1,0.0,31.0,25.0,0.0,0
Morgan Shepherd,2001,15,0,0,0,1,0.0,15,0.0,22.87,27.27,1.0,15
Peter Prescott,2001,8,0,0,0,4,0.0,8,0.0,17.88,19.25,0.5,4
Petty Enterprises,2001,24,0,0,2,13,0.0,24,0.0,15.46,18.5,0.0,0
Raynard McGlynn,2001,3,0,0,0,1,0.0,3,0.0,26.33,24.33,0.0,0
Rick Hendrick,2001,24,5,23,36,42,0.20833,48,0.10417,6.06,8.5,30.75,1476
Rick Ware,2001,24,0,0,0,21,0.0,59,0.0,26.78,24.05,0.17,10
Robert Allen,2001,2,0,0,0,0,0.0,2,0.0,33.5,31.5,0.0,0
Robert Long,2001,6,0,1,1,4,0.0,6,0.0,16.83,18.33,0.0,0
Rodney Sawyers,2001,6,0,0,0,5,0.0,6,0.0,22.5,20.5,0.0,0
Ron Crosby,2001,1,0,0,0,0,0.0,1,0.0,31.0,27.0,0.0,0
"Ron Hornaday, Jr.",2001,5,0,0,0,3,0.0,5,0.0,22.0,18.8,0.0,0
Ron Jones,2001,4,0,0,0,0,0.0,4,0.0,28.25,27.5,0.0,0
Ron Norick,2001,24,0,3,5,18,0.0,24,0.0,13.0,15.75,0.25,6
Russell Kersh,2001,2,0,0,0,0,0.0,2,0.0,33.5,28.0,0.0,0
Sam Rensi,2001,3,0,0,0,0,0.0,3,0.0,21.0,28.0,0.0,0
Steve Coulter,2001,1,0,0,1,1,0.0,1,0.0,3.0,9.0,0.0,0
Steve Portenga,2001,1,0,0,0,0,0.0,1,0.0,22.0,34.0,0.0,0
Tex Powell,2001,2,0,0,0,0,0.0,2,0.0,23.0,32.0,0.0,0
Tim Woods,2001,1,0,0,0,0,0.0,1,0.0,29.0,29.0,0.0,0
Tom Mazzuchi,2001,12,0,0,0,1,0.0,12,0.0,30.08,30.83,0.0,0
Tom Mitchell,2001,24,0,10,16,20,0.0,24,0.0,9.29,10.71,8.38,201
Tom Powers,2001,16,0,0,0,3,0.0,16,0.0,31.88,26.44,0.0,0
Wayne Spears,2001,24,0,1,8,15,0.0,24,0.0,16.17,16.96,0.08,2
Andy Petree,2002,3,1,1,1,2,0.33333,3,0.33333,15.33,14.67,15.67,47
Billy Ballew,2002,21,0,0,1,17,0.0,21,0.0,19.86,16.19,0.0,0
Bob Coffey,2002,1,0,0,0,0,0.0,1,0.0,34.0,34.0,0.0,0
Bob Keselowski,2002,22,4,9,17,18,0.18182,22,0.18182,7.36,9.18,22.27,490
Bobby Hamilton Racing,2002,22,2,9,22,46,0.09091,66,0.0303,11.71,15.98,3.35,221
Dan Higgs,2002,3,0,0,0,2,0.0,3,0.0,29.33,23.67,0.0,0
David Dollar,2002,22,1,8,14,21,0.04545,22,0.04545,10.95,9.05,6.45,142
David Fuge,2002,1,1,1,1,1,1.0,1,1.0,5.0,1.0,21.0,21
Dennis Sockwell,2002,5,0,0,0,1,0.0,5,0.0,27.4,23.6,0.0,0
Derrike Cope,2002,1,0,0,0,1,0.0,1,0.0,31.0,16.0,0.0,0
Doc MacDonald,2002,22,0,0,0,7,0.0,22,0.0,26.18,23.73,0.0,0
Don Fauerbach,2002,1,0,0,0,0,0.0,1,0.0,31.0,23.0,0.0,0
Doug Keller,2002,5,0,0,0,1,0.0,5,0.0,29.2,24.0,0.0,0
Duke Thorson,2002,22,0,0,6,14,0.0,23,0.0,17.04,18.35,0.0,0
Ed Rensi,2002,2,0,0,0,2,0.0,2,0.0,32.0,17.5,0.0,0
Fred Horn,2002,6,0,0,0,1,0.0,6,0.0,22.33,27.17,0.0,0
Gene Christensen,2002,22,0,1,6,25,0.0,44,0.0,21.73,19.25,0.0,0
Jack Roush,2002,22,0,0,10,19,0.0,23,0.0,14.3,13.26,0.57,13
James Bailey,2002,3,0,0,0,0,0.0,3,0.0,23.67,27.67,0.0,0
James Harris,2002,6,0,0,2,3,0.0,6,0.0,14.0,19.0,0.0,0
James Liguori,2002,11,0,0,0,1,0.0,11,0.0,25.82,28.73,0.0,0
James Murphy,2002,3,0,0,0,1,0.0,3,0.0,33.67,24.0,0.0,0
Jerry Miller,2002,1,0,0,0,0,0.0,1,0.0,30.0,35.0,0.0,0
Jerry Spilsbury,2002,2,0,0,0,0,0.0,2,0.0,30.5,27.0,0.0,0
Jim Collier,2002,1,0,0,0,0,0.0,1,0.0,30.0,28.0,0.0,0
Jim Rosenblum,2002,6,0,0,0,0,0.0,6,0.0,31.83,28.33,0.0,0
Jim Smith,2002,22,3,23,31,38,0.13636,44,0.06818,4.32,8.98,28.43,1251
Jody McCormick,2002,1,0,0,0,0,0.0,1,0.0,28.0,32.0,0.0,0
Joe Gibbs,2002,22,0,4,14,18,0.0,23,0.0,14.96,11.43,4.43,102
Joey Sonntag,2002,11,0,0,0,1,0.0,11,0.0,33.73,31.36,0.0,0
John Conely,2002,3,0,0,0,1,0.0,3,0.0,25.67,23.67,0.0,0
Judith Ann Midgley,2002,1,0,0,0,0,0.0,1,0.0,31.0,28.0,0.0,0
Ken Schrader,2002,12,0,1,5,6,0.0,12,0.0,14.25,20.5,0.25,3
Kevin Harvick,2002,6,1,4,5,5,0.16667,6,0.16667,7.83,8.17,34.17,205
Larry Richardson,2002,6,0,0,0,0,0.0,6,0.0,30.0,29.5,0.67,4
Lonnie Troxell,2002,19,0,0,0,3,0.0,19,0.0,30.0,28.11,0.0,0
Michael Gaughan,2002,22,2,5,9,19,0.09091,22,0.09091,14.14,11.95,3.95,87
Mike Addington,2002,22,1,10,14,19,0.04545,22,0.04545,9.5,10.64,7.73,170
Mike Mittler,2002,12,0,0,1,3,0.0,12,0.0,17.17,25.67,0.0,0
Morgan Shepherd,2002,13,0,0,0,1,0.0,13,0.0,22.15,31.46,0.0,0
Neil Chaffin,2002,2,0,0,0,0,0.0,2,0.0,22.0,31.5,0.0,0
Petty Enterprises,2002,22,0,0,1,16,0.0,25,0.0,19.6,19.2,0.12,3
Phil Bonifield,2002,21,0,0,0,3,0.0,26,0.0,29.85,29.46,0.0,0
Raynard McGlynn,2002,3,0,0,0,0,0.0,3,0.0,28.33,26.0,0.0,0
Rick Hendrick,2002,1,0,0,0,1,0.0,1,0.0,2.0,12.0,0.0,0
Rick Ware,2002,20,0,0,0,13,0.0,48,0.0,26.33,25.33,0.02,1
Robert Long,2002,3,0,0,0,0,0.0,3,0.0,16.0,33.33,0.0,0
Rodney Sawyers,2002,6,0,0,0,3,0.0,6,0.0,26.83,21.17,0.0,0
Rodney Smith,2002,22,0,1,1,10,0.0,22,0.0,29.14,21.86,0.05,1
Ron Jones,2002,9,0,0,0,1,0.0,9,0.0,27.78,26.56,0.0,0
Ron Norick,2002,22,0,0,5,17,0.0,22,0.0,16.09,15.5,0.0,0
Steve Chick,2002,4,0,0,0,1,0.0,4,0.0,28.25,22.75,0.0,0
Steve Coulter,2002,22,5,13,18,21,0.22727,22,0.22727,4.18,7.09,17.68,389
Steve Portenga,2002,21,0,0,2,10,0.0,22,0.0,23.77,20.59,0.0,0
Steve Prescott,2002,5,0,0,1,2,0.0,5,0.0,25.0,20.4,0.0,0
Thee Dixon,2002,1,0,0,0,0,0.0,1,0.0,16.0,26.0,0.0,0
Tom Mazzuchi,2002,13,0,0,0,2,0.0,13,0.0,30.69,30.31,0.0,0
Tom Mitchell,2002,22,0,12,17,21,0.0,22,0.0,6.73,7.23,21.64,476
Tom Pistone,2002,1,0,0,0,0,0.0,1,0.0,19.0,26.0,0.0,0
Tom Powers,2002,10,0,0,0,2,0.0,10,0.0,34.2,25.9,0.0,0
Wayne Spears,2002,22,1,8,16,20,0.04545,22,0.04545,8.18,8.95,5.05,111
Alvin Thompson,2003,1,0,0,0,0,0.0,1,0.0,29.0,27.0,0.0,0
Andy Hillenburg,2003,1,0,0,0,1,0.0,1,0.0,14.0,15.0,0.0,0
Andy Petree,2003,10,1,1,3,7,0.1,10,0.1,18.1,14.5,3.2,32
Arnie Mahlik,2003,1,0,0,0,1,0.0,1,0.0,36.0,20.0,0.0,0
Billy Ballew,2003,25,0,1,2,14,0.0,25,0.0,18.8,18.6,0.12,3
Bob Brevak,2003,15,0,0,0,6,0.0,15,0.0,25.6,21.47,0.0,0
Bob Keselowski,2003,25,0,0,13,24,0.0,25,0.0,9.6,12.2,3.36,84
Bobby Hamilton Racing,2003,25,2,12,28,63,0.08,75,0.02667,10.24,13.45,7.01,526
Bobby Sands,2003,1,0,0,0,0,0.0,1,0.0,36.0,36.0,0.0,0
Bradford Miller,2003,3,0,0,0,2,0.0,3,0.0,16.67,19.67,0.0,0
Bryan Reffner,2003,2,0,0,0,1,0.0,2,0.0,26.0,22.0,0.0,0
Carl Long,2003,1,0,0,0,1,0.0,1,0.0,14.0,17.0,0.0,0
Charlie Bradberry,2003,5,0,0,0,2,0.0,5,0.0,22.6,24.6,0.0,0
Christopher Beckington,2003,19,0,0,2,2,0.0,19,0.0,24.26,30.37,0.0,0
Craig Wood,2003,1,0,0,0,0,0.0,1,0.0,35.0,32.0,0.0,0
Dan Higgs,2003,1,0,0,0,0,0.0,1,0.0,26.0,32.0,0.0,0
Daniel Whitt,2003,7,0,0,0,2,0.0,7,0.0,16.29,26.14,0.0,0
Danny McCall,2003,1,0,0,0,0,0.0,1,0.0,28.0,21.0,0.0,0
Darren Shaw,2003,6,0,0,0,4,0.0,6,0.0,26.33,21.0,0.0,0
Dave Malcolmson,2003,2,0,0,0,1,0.0,2,0.0,24.0,21.0,0.0,0
David Fuge,2003,3,0,2,2,3,0.0,3,0.0,17.0,9.0,0.0,0
Dennis Hannel,2003,1,0,0,0,0,0.0,1,0.0,32.0,35.0,0.0,0
Dennis Sockwell,2003,3,0,0,0,1,0.0,3,0.0,24.0,23.67,0.0,0
Doc MacDonald,2003,25,0,0,0,11,0.0,25,0.0,26.04,21.56,0.0,0
Donald Stout,2003,3,0,0,0,1,0.0,3,0.0,28.33,27.0,0.0,0
Donald Thompson,2003,1,0,0,0,0,0.0,1,0.0,26.0,21.0,0.0,0
Doug Keller,2003,6,0,0,0,2,0.0,6,0.0,29.33,24.33,0.0,0
Duke Thorson,2003,25,0,0,11,22,0.0,26,0.0,14.54,14.0,0.42,11
Ed Sutton,2003,4,0,0,0,1,0.0,4,0.0,31.5,26.0,0.0,0
Fred Horn,2003,7,0,0,0,2,0.0,7,0.0,21.57,24.57,0.0,0
Gary Keller,2003,2,0,0,0,1,0.0,2,0.0,24.5,18.5,0.0,0
Gene Christensen,2003,25,0,0,0,22,0.0,48,0.0,22.1,21.69,0.04,2
Greg Sarff,2003,1,0,0,0,0,0.0,1,0.0,33.0,33.0,0.0,0
Howard Carpenter,2003,2,0,0,0,1,0.0,2,0.0,30.5,19.0,0.0,0
Jack Roush,2003,25,5,23,35,42,0.2,50,0.1,8.3,9.32,14.24,712
James Burr,2003,4,0,0,0,2,0.0,4,0.0,28.0,21.75,0.0,0
James Harris,2003,22,0,4,9,18,0.0,22,0.0,13.27,13.27,0.45,10
James Liguori,2003,6,0,0,0,3,0.0,6,0.0,27.0,21.83,0.0,0
Jason Small,2003,3,0,0,1,1,0.0,3,0.0,23.33,18.0,0.0,0
Jeff Spraker,2003,1,0,0,0,0,0.0,1,0.0,24.0,28.0,0.0,0
Jerry Miller,2003,1,0,0,0,0,0.0,1,0.0,32.0,23.0,0.0,0
Jim Dean,2003,2,0,0,0,1,0.0,2,0.0,24.0,24.5,0.0,0
Jim Rosenblum,2003,5,0,0,0,2,0.0,5,0.0,26.6,21.6,0.0,0
Jim Smith,2003,25,5,22,38,48,0.2,61,0.08197,8.9,10.51,19.89,1213
John Bailey,2003,2,0,0,0,0,0.0,2,0.0,24.0,23.0,0.0,0
John Borneman,2003,1,0,0,0,0,0.0,1,0.0,31.0,23.0,0.0,0
John Conely,2003,1,0,0,0,0,0.0,1,0.0,36.0,24.0,0.0,0
Ken Davis,2003,2,0,0,0,1,0.0,2,0.0,35.5,20.5,0.0,0
Ken Hunt,2003,2,0,0,0,2,0.0,2,0.0,28.0,18.0,0.5,1
Ken Schrader,2003,13,0,0,4,10,0.0,13,0.0,13.69,14.69,0.15,2
Ken Weaver,2003,5,0,0,0,3,0.0,5,0.0,30.4,22.2,0.0,0
Kevin Harvick,2003,9,1,3,5,7,0.11111,9,0.11111,10.78,12.67,33.33,300
Kevin Jones,2003,2,0,0,0,0,0.0,2,0.0,30.5,28.0,0.0,0
Lance Hooper,2003,15,0,0,0,0,0.0,15,0.0,23.67,30.27,0.27,4
Larry Richardson,2003,4,0,0,0,1,0.0,4,0.0,30.0,27.0,0.0,0
Lonnie Troxell,2003,21,0,0,0,1,0.0,22,0.0,27.45,31.5,0.0,0
Mary Ward,2003,19,0,0,0,11,0.0,22,0.0,26.86,22.14,0.0,0
Michael Gaughan,2003,25,6,14,18,25,0.24,27,0.22222,7.07,7.96,24.15,652
Michael Waltrip,2003,3,0,0,2,2,0.0,3,0.0,14.0,14.33,0.0,0
Mike Mittler,2003,9,0,0,0,2,0.0,9,0.0,26.67,26.33,0.0,0
Mike Starr,2003,3,0,0,0,1,0.0,3,0.0,26.67,25.33,0.0,0
Morgan Shepherd,2003,16,0,0,0,0,0.0,16,0.0,22.75,30.63,0.44,7
Phil Bonifield,2003,25,0,0,0,5,0.0,30,0.0,27.87,27.07,0.0,0
Raynard McGlynn,2003,5,0,0,0,0,0.0,5,0.0,28.4,30.0,0.0,0
Rick Bogart,2003,2,0,0,0,0,0.0,2,0.0,29.0,32.5,0.0,0
Rick Tennis,2003,1,0,0,0,0,0.0,1,0.0,32.0,27.0,0.0,0
Rick Ware,2003,23,0,0,0,5,0.0,36,0.0,29.28,27.67,0.0,0
Rob Morgan / David Dollar,2003,25,3,15,23,23,0.12,26,0.11538,11.04,7.5,16.81,437
Robert Long,2003,2,0,0,0,1,0.0,2,0.0,20.0,22.0,0.0,0
Rodney Smith,2003,14,0,0,0,1,0.0,15,0.0,27.73,26.53,0.0,0
Ron Rhodes,2003,2,0,0,0,0,0.0,2,0.0,31.5,25.5,0.0,0
Scott Upshaw,2003,6,0,0,0,0,0.0,6,0.0,28.17,24.83,0.0,0
Scott Williams,2003,1,0,0,0,0,0.0,1,0.0,25.0,27.0,0.0,0
Steve Chick,2003,4,0,0,0,3,0.0,4,0.0,33.25,21.75,0.0,0
Steve Coulter,2003,25,1,13,22,25,0.04,25,0.04,8.12,6.24,1.96,49
Steve Prescott,2003,9,0,0,1,8,0.0,9,0.0,19.0,15.33,0.0,0
Tim Woods,2003,2,0,0,0,0,0.0,2,0.0,26.5,28.0,0.0,0
Tom Mazzuchi,2003,22,0,0,0,0,0.0,22,0.0,29.09,31.64,0.0,0
Tom Mitchell,2003,25,1,10,16,23,0.04,25,0.04,8.76,9.0,10.24,256
Wayne Spears,2003,25,0,5,15,22,0.0,25,0.0,10.48,11.72,0.64,16
William Lee,2003,6,0,0,0,3,0.0,6,0.0,32.17,22.5,0.0,0
Alexander Meshkin,2004,25,2,10,17,32,0.08,43,0.04651,10.91,14.14,13.37,575
Andy Petree,2004,2,0,0,0,1,0.0,2,0.0,12.0,27.0,0.0,0
Bill Davis,2004,25,0,5,12,26,0.0,54,0.0,17.06,18.87,1.59,86
Billy Ballew,2004,25,1,4,10,15,0.04,25,0.04,11.64,16.72,12.8,320
Bob Brevak,2004,4,0,0,0,0,0.0,4,0.0,28.75,27.0,0.0,0
Bob Keselowski,2004,25,0,0,1,7,0.0,25,0.0,27.32,25.36,0.28,7
Bobby Dotter,2004,25,0,0,1,12,0.0,25,0.0,26.8,20.36,0.64,16
Bobby Hamilton Racing,2004,25,6,19,27,42,0.24,51,0.11765,9.94,11.61,11.08,565
Cary Agajanian,2004,5,0,1,1,3,0.0,5,0.0,23.6,16.6,27.8,139
Charlie Bradberry,2004,6,0,0,0,0,0.0,6,0.0,31.33,31.17,0.0,0
Curtis Key,2004,2,0,0,0,0,0.0,2,0.0,31.0,31.5,0.0,0
Dana White,2004,3,0,0,0,0,0.0,3,0.0,34.33,31.33,0.0,0
Daniel Whitt,2004,25,0,0,0,16,0.0,25,0.0,19.8,20.08,0.0,0
Darrell Waltrip,2004,25,0,4,10,16,0.0,27,0.0,13.15,17.3,1.41,38
Dave Malcolmson,2004,7,0,0,1,2,0.0,7,0.0,28.29,22.0,0.0,0
David Dollar,2004,25,2,8,16,24,0.08,25,0.08,10.04,8.96,3.72,93
David Froehlich,2004,1,0,0,0,0,0.0,1,0.0,31.0,28.0,0.0,0
Doc MacDonald,2004,7,0,0,0,0,0.0,7,0.0,31.29,28.57,0.0,0
Donald Stout,2004,1,0,0,0,0,0.0,1,0.0,36.0,30.0,0.0,0
Duke Thorson,2004,25,0,1,2,21,0.0,49,0.0,24.82,22.69,0.04,2
Ed Sutton,2004,19,0,0,0,1,0.0,19,0.0,28.53,29.21,0.0,0
Gene Christensen,2004,23,0,0,0,5,0.0,23,0.0,31.13,27.09,0.09,2
George Debidart,2004,25,0,2,10,25,0.0,49,0.0,15.88,20.31,0.8,39
Germain Racing,2004,8,2,4,5,6,0.25,8,0.25,14.5,12.25,15.88,127
Greg Pollex,2004,25,0,2,7,16,0.0,25,0.0,20.88,17.4,2.24,56
Jack Roush,2004,25,3,11,24,38,0.12,50,0.06,11.1,13.76,5.22,261
James Finch,2004,1,0,0,0,0,0.0,1,0.0,6.0,28.0,0.0,0
James Harris,2004,22,0,0,3,8,0.0,22,0.0,24.05,22.95,1.95,43
Jim Smith,2004,25,5,15,24,40,0.2,52,0.09615,13.35,13.37,18.92,984
Ken Schrader,2004,13,0,2,5,9,0.0,13,0.0,18.0,17.38,0.31,4
Ken Weaver,2004,5,0,0,0,1,0.0,5,0.0,28.2,28.2,0.0,0
Kevin Harvick,2004,25,0,8,19,22,0.0,27,0.0,11.81,10.33,1.52,41
Larry Richardson,2004,7,0,0,0,0,0.0,7,0.0,34.14,34.86,0.0,0
Lonnie Troxell,2004,3,0,0,0,1,0.0,3,0.0,30.33,23.0,0.0,0
Michael Gaughan,2004,25,0,5,10,19,0.0,26,0.0,15.62,13.88,3.81,99
Mike Mittler,2004,12,0,0,0,2,0.0,12,0.0,30.42,28.17,0.0,0
Paul Brown,2004,1,0,0,0,0,0.0,1,0.0,30.0,34.0,0.0,0
Phil Bonifield,2004,4,0,0,0,0,0.0,4,0.0,33.75,33.25,0.0,0
Ray Montgomery,2004,25,0,0,0,12,0.0,25,0.0,23.64,22.28,0.0,0
Rob Morgan,2004,10,0,4,4,7,0.0,10,0.0,15.7,13.6,5.3,53
Robert Long,2004,2,0,0,0,1,0.0,2,0.0,22.5,24.0,0.0,0
Ron Rhodes,2004,6,0,0,0,1,0.0,6,0.0,30.83,25.5,0.0,0
Steve Chick,2004,5,0,0,0,2,0.0,5,0.0,30.8,23.6,0.0,0
Steve Coulter,2004,25,1,8,13,16,0.04,25,0.04,8.88,14.48,20.4,510
Steve Prescott,2004,9,0,0,2,5,0.0,9,0.0,21.67,17.56,0.0,0
Tom Eldredge,2004,24,0,0,0,8,0.0,25,0.0,29.16,24.4,0.0,0
Tom Mitchell,2004,25,1,4,10,19,0.04,26,0.03846,15.69,14.73,3.54,92
Wayne Spears,2004,25,2,8,16,19,0.08,25,0.08,12.36,12.28,3.12,78
Bert Oostlander,2005,4,0,0,0,1,0.0,4,0.0,33.75,26.25,0.0,0
Bill Davis,2005,25,2,17,27,49,0.08,75,0.02667,9.68,15.91,13.08,981
Billy Ballew,2005,25,3,8,13,20,0.12,25,0.12,14.12,12.4,12.56,314
Bob Brevak,2005,4,0,0,0,0,0.0,4,0.0,33.25,26.5,0.0,0
Bob Keselowski,2005,25,0,0,1,10,0.0,25,0.0,25.88,23.16,0.4,10
Bobby Dotter,2005,22,0,1,1,5,0.0,22,0.0,28.95,26.95,0.14,3
Bobby Hamilton Racing,2005,25,2,6,14,37,0.08,76,0.02632,22.68,20.49,2.26,172
Curtis Key,2005,1,0,0,0,0,0.0,1,0.0,34.0,33.0,0.0,0
Darrell Waltrip,2005,25,1,6,14,30,0.04,51,0.01961,12.67,18.43,3.71,189
Dave Malcolmson,2005,8,0,0,0,3,0.0,8,0.0,24.5,23.5,0.0,0
David Dollar,2005,25,5,15,21,31,0.2,37,0.13514,14.7,11.7,13.73,508
David Fuge,2005,25,1,6,10,15,0.04,27,0.03704,13.85,17.07,5.56,150
Don Arnold,2005,10,0,0,0,0,0.0,10,0.0,18.6,30.9,0.0,0
Donald Stout,2005,2,0,0,0,0,0.0,2,0.0,35.0,30.5,0.0,0
Duke Thorson,2005,25,0,3,11,31,0.0,50,0.0,20.22,18.86,0.68,34
Ed Sutton,2005,16,0,0,0,3,0.0,16,0.0,30.44,26.94,0.0,0
Gene Christensen,2005,25,0,0,2,8,0.0,28,0.0,27.21,25.39,0.07,2
Germain Racing,2005,25,5,11,15,17,0.2,28,0.17857,11.46,13.68,15.43,432
Greg Pollex,2005,25,0,2,8,18,0.0,25,0.0,14.44,16.12,5.08,127
Jack Roush,2005,25,1,10,22,35,0.04,52,0.01923,16.63,15.4,2.25,117
James Harris,2005,25,0,0,3,10,0.0,25,0.0,27.28,21.36,0.36,9
Jeff Wyler,2005,15,0,2,4,9,0.0,15,0.0,14.87,17.73,5.2,78
Jim Smith,2005,25,1,14,24,40,0.04,50,0.02,14.64,12.04,4.58,229
Ken Schrader,2005,9,0,0,1,6,0.0,9,0.0,25.22,19.67,0.0,0
Ken Weaver,2005,1,0,0,0,0,0.0,1,0.0,28.0,31.0,0.0,0
Kenny Yontz,2005,4,0,0,0,0,0.0,4,0.0,33.25,31.5,0.0,0
Kevin Harvick,2005,25,1,8,14,22,0.04,29,0.03448,14.52,12.28,16.24,471
Malik Ibrahim,2005,1,0,0,0,0,0.0,1,0.0,36.0,28.0,0.0,0
Michael Gaughan,2005,25,1,4,11,27,0.04,48,0.02083,23.79,18.9,0.81,39
Mike Curb,2005,1,0,0,0,0,0.0,1,0.0,13.0,36.0,0.0,0
Mike Mittler,2005,4,0,0,0,0,0.0,4,0.0,31.25,29.0,0.0,0
Pat Wall,2005,2,0,0,0,1,0.0,2,0.0,11.0,25.0,0.0,0
Ray Montgomery,2005,24,0,0,0,6,0.0,24,0.0,28.0,24.92,0.04,1
Rob Ferguson,2005,15,0,0,1,1,0.0,15,0.0,34.53,29.93,0.0,0
"Robert Richardson, Sr.",2005,1,0,0,0,0,0.0,1,0.0,36.0,34.0,0.0,0
Scott Glynn,2005,18,0,1,3,11,0.0,18,0.0,20.44,18.89,0.0,0
Tam Topham,2005,1,0,0,0,0,0.0,1,0.0,29.0,36.0,0.0,0
Tom DeLoach,2005,25,1,2,5,12,0.04,25,0.04,9.44,20.32,2.6,65
Tom Eldredge,2005,10,0,2,4,6,0.0,10,0.0,15.0,17.6,9.4,94
Tom Mitchell,2005,25,1,3,11,16,0.04,25,0.04,12.8,15.84,4.24,106
Troy Baird,2005,1,0,0,0,1,0.0,1,0.0,26.0,14.0,0.0,0
Wayne Spears,2005,25,0,4,10,19,0.0,25,0.0,11.96,13.2,2.32,58
Bill Davis,2006,25,6,22,31,48,0.24,78,0.07692,12.18,15.88,11.83,923
Billy Ballew,2006,25,1,3,7,14,0.04,29,0.03448,19.41,19.38,8.52,247
Bob Keselowski,2006,2,0,0,0,1,0.0,2,0.0,17.0,25.0,1.0,2
Bobby Dotter,2006,25,0,0,4,12,0.0,25,0.0,24.48,21.56,0.2,5
Bobby Hamilton Racing,2006,25,0,2,8,27,0.0,65,0.0,20.62,22.14,0.71,46
Curtis Key,2006,20,0,0,0,5,0.0,20,0.0,28.9,26.55,0.3,6
Darrell Waltrip,2006,25,0,8,20,32,0.0,41,0.0,14.17,14.29,3.9,160
Dave Malcolmson,2006,7,0,0,0,2,0.0,7,0.0,26.57,21.86,0.0,0
David Dollar,2006,25,1,2,15,28,0.04,49,0.02041,17.78,18.45,4.71,231
David Fuge,2006,25,1,7,13,17,0.04,25,0.04,13.92,14.0,3.68,92
Donald Stout,2006,4,0,0,0,0,0.0,4,0.0,34.0,29.25,0.0,0
Duke Thorson,2006,25,0,4,10,29,0.0,51,0.0,20.92,19.57,0.14,7
Ed Sutton,2006,16,0,0,0,2,0.0,16,0.0,28.25,26.06,0.06,1
Gene Christensen,2006,25,0,0,1,6,0.0,28,0.0,29.25,26.75,3.18,89
Germain Racing,2006,25,3,22,29,42,0.12,50,0.06,12.92,10.34,8.84,442
Greg Pollex,2006,25,1,3,12,22,0.04,25,0.04,15.32,12.04,2.6,65
J.L. Pennington,2006,2,0,0,0,0,0.0,2,0.0,35.5,29.5,0.0,0
Jack Roush,2006,25,6,17,33,51,0.24,70,0.08571,12.99,14.2,10.89,762
James Harris,2006,25,0,0,2,10,0.0,25,0.0,23.56,22.68,0.0,0
Jeff Milburn,2006,2,0,0,0,0,0.0,2,0.0,34.5,30.5,0.0,0
Jeff Wyler,2006,25,2,10,14,20,0.08,25,0.08,11.96,12.12,12.28,307
Jim Rosenblum,2006,1,0,0,0,0,0.0,1,0.0,21.0,35.0,0.0,0
Kevin Harvick,2006,25,2,8,12,21,0.08,25,0.08,14.68,12.04,12.52,313
Michael Gaughan,2006,25,0,4,5,19,0.0,25,0.0,19.68,16.48,0.56,14
Michael McSwain,2006,1,0,0,0,1,0.0,1,0.0,29.0,19.0,0.0,0
Mike Mittler,2006,10,0,0,0,0,0.0,10,0.0,29.7,28.5,0.0,0
Ray Evernham,2006,25,0,0,0,4,0.0,25,0.0,24.4,26.16,0.0,0
Ray Montgomery,2006,1,0,0,0,1,0.0,1,0.0,34.0,19.0,0.0,0
Rich Woodard,2006,25,0,0,0,10,0.0,25,0.0,28.12,24.24,0.12,3
"Robert Richardson, Sr.",2006,20,0,0,0,2,0.0,20,0.0,32.9,29.1,0.0,0
Tad Geschickter,2006,23,0,2,4,9,0.0,23,0.0,12.39,21.43,3.35,77
Todd Shafer,2006,1,0,0,0,0,0.0,1,0.0,36.0,36.0,0.0,0
Tom DeLoach,2006,25,1,6,12,23,0.04,25,0.04,18.12,11.04,5.04,126
Tom Mitchell,2006,25,1,5,13,20,0.04,25,0.04,11.72,12.6,6.2,155
Tracy Cline,2006,1,0,0,0,0,0.0,1,0.0,32.0,29.0,0.0,0
Wayne Spears,2006,25,0,0,3,11,0.0,25,0.0,17.2,21.44,0.0,0
Wood Brothers,2006,25,0,0,2,11,0.0,27,0.0,13.74,21.48,0.22,6
Andy Belmont,2007,1,0,0,0,0,0.0,1,0.0,35.0,32.0,0.0,0
Andy Hillenburg,2007,9,0,0,0,0,0.0,9,0.0,33.78,30.67,0.0,0
Bill Davis,2007,25,9,30,43,58,0.36,77,0.11688,9.06,12.44,18.26,1406
Billy Ballew,2007,25,2,4,6,27,0.08,42,0.04762,16.93,19.62,7.67,322
Bob Brevak,2007,2,0,0,0,0,0.0,2,0.0,35.0,32.5,0.0,0
Bobby Dotter,2007,25,0,0,0,8,0.0,25,0.0,24.6,24.56,0.36,9
Bobby Hamilton Racing,2007,25,0,7,16,34,0.0,52,0.0,20.52,17.33,1.04,54
Curtis Key,2007,25,0,0,3,6,0.0,30,0.0,26.2,24.33,0.0,0
Darrell Waltrip,2007,22,0,1,4,9,0.0,23,0.0,19.78,21.78,0.35,8
Dave Malcolmson,2007,25,0,0,1,9,0.0,25,0.0,25.0,23.52,0.2,5
David Dollar,2007,25,0,1,5,13,0.0,31,0.0,18.87,22.87,0.0,0
David Ervin,2007,1,0,0,0,0,0.0,1,0.0,36.0,26.0,0.0,0
David Fuge,2007,25,0,0,1,12,0.0,26,0.0,26.65,22.85,0.0,0
Donald Stout,2007,5,0,0,0,0,0.0,5,0.0,33.4,28.2,0.0,0
Duke Thorson,2007,25,0,1,11,32,0.0,50,0.0,18.0,17.48,1.94,97
Gene Christensen,2007,25,0,0,1,10,0.0,36,0.0,26.75,25.39,0.14,5
Germain Racing,2007,25,3,17,32,45,0.12,56,0.05357,12.68,11.86,5.0,280
J.L. Pennington,2007,21,0,0,0,2,0.0,21,0.0,31.38,27.57,0.0,0
Jack Roush,2007,25,5,12,23,47,0.2,75,0.06667,11.32,16.32,6.76,507
James Blankenbaker,2007,1,0,0,0,0,0.0,1,0.0,28.0,32.0,0.0,0
James Harris,2007,25,0,1,4,15,0.0,26,0.0,17.88,19.35,4.23,110
James Lynch,2007,5,0,0,0,1,0.0,5,0.0,28.8,27.0,0.0,0
Jeff Milburn,2007,3,0,0,0,0,0.0,3,0.0,33.67,32.33,0.0,0
Jeff Wyler,2007,25,1,6,10,15,0.04,25,0.04,10.0,15.88,3.28,82
Jim Rosenblum,2007,2,0,0,0,1,0.0,2,0.0,35.0,27.0,0.0,0
Kerry Scherer,2007,1,0,0,0,0,0.0,1,0.0,30.0,33.0,0.0,0
Kevin Buckler,2007,3,0,0,0,0,0.0,3,0.0,26.0,28.67,0.0,0
Kevin Harvick,2007,25,4,17,29,33,0.16,41,0.09756,12.71,10.24,21.02,862
Michael Gaughan,2007,25,0,3,8,14,0.0,25,0.0,18.04,16.84,1.28,32
Mike Mittler,2007,10,0,0,0,1,0.0,11,0.0,33.45,28.64,0.0,0
Phil Bonifield,2007,7,0,0,0,0,0.0,7,0.0,34.14,33.71,0.0,0
Richard Thompson,2007,3,0,0,0,0,0.0,3,0.0,29.67,30.33,0.0,0
Robert Cowen,2007,1,0,0,0,0,0.0,1,0.0,33.0,30.0,0.0,0
Scott Upshaw,2007,2,0,0,0,0,0.0,2,0.0,34.0,32.5,0.0,0
Tad Geschickter,2007,25,0,1,7,14,0.0,25,0.0,18.6,18.24,0.2,5
Tom DeLoach,2007,25,0,5,9,21,0.0,25,0.0,11.28,13.52,0.36,9
Tom Mitchell,2007,25,0,14,23,40,0.0,50,0.0,18.22,12.62,2.42,121
Tracy Trotter,2007,3,0,0,0,1,0.0,3,0.0,28.67,22.67,0.0,0
Wayne Spears,2007,25,1,1,2,16,0.04,25,0.04,19.68,19.2,0.48,12
Wood Brothers,2007,25,0,4,12,16,0.0,25,0.0,16.32,16.2,5.88,147
Andy Hillenburg,2008,3,0,0,0,0,0.0,3,0.0,33.67,26.33,0.0,0
Bill Davis,2008,25,7,24,47,59,0.28,76,0.09211,10.26,11.5,8.55,650
Billy Ballew,2008,25,3,12,21,34,0.12,50,0.06,13.5,13.82,16.6,830
Bob Brevak,2008,1,0,0,0,1,0.0,1,0.0,36.0,18.0,0.0,0
Bobby Dotter,2008,25,0,0,0,8,0.0,32,0.0,28.91,25.91,0.13,4
Bobby Hamilton Racing,2008,25,1,5,13,30,0.04,43,0.02326,14.86,15.93,5.42,233
Brad Keselowski,2008,4,0,0,1,1,0.0,4,0.0,22.25,20.75,0.0,0
Brent Raymer,2008,5,0,0,0,0,0.0,5,0.0,32.4,30.0,0.0,0
Carl Hartman,2008,2,0,0,0,0,0.0,2,0.0,33.5,34.5,0.0,0
Charles Buchanan,2008,1,0,0,0,0,0.0,1,0.0,35.0,29.0,0.0,0
Chris Lafferty,2008,7,0,0,0,0,0.0,7,0.0,33.71,32.71,0.0,0
Curtis Key,2008,25,0,0,1,5,0.0,26,0.0,26.19,24.04,0.04,1
Dave Malcolmson,2008,25,0,2,8,18,0.0,25,0.0,16.16,15.04,0.8,20
David Dollar,2008,12,0,1,3,11,0.0,14,0.0,20.07,16.86,0.0,0
Derrike Cope,2008,9,0,0,0,0,0.0,15,0.0,33.73,33.2,0.0,0
Donald Stout,2008,4,0,0,0,0,0.0,4,0.0,30.25,30.5,0.0,0
Duke Thorson,2008,25,1,10,14,37,0.04,50,0.02,16.3,15.22,0.86,43
Dwayne Tatman,2008,1,0,0,0,0,0.0,1,0.0,32.0,28.0,0.0,0
Gene Christensen,2008,12,0,0,0,0,0.0,12,0.0,32.67,34.08,0.0,0
Germain Racing,2008,25,3,16,19,37,0.12,57,0.05263,15.14,16.46,4.37,249
Jack Roush,2008,25,1,14,28,52,0.04,75,0.01333,11.15,15.19,4.19,314
James Harris,2008,25,0,0,8,18,0.0,25,0.0,17.48,16.36,0.2,5
James Lynch,2008,2,0,0,0,1,0.0,2,0.0,22.0,23.5,0.0,0
Jeff Wyler,2008,25,0,2,7,21,0.0,25,0.0,15.16,14.4,0.24,6
Jerry Reary,2008,2,0,0,0,0,0.0,2,0.0,35.0,30.0,0.0,0
Jim Rosenblum,2008,2,0,0,0,1,0.0,2,0.0,32.0,20.5,0.0,0
Joe Scott,2008,25,0,2,7,16,0.0,25,0.0,19.76,17.76,0.2,5
Johnny Dangerfield,2008,1,0,0,0,0,0.0,1,0.0,21.0,31.0,0.0,0
Ken Schrader,2008,3,0,1,1,2,0.0,3,0.0,25.67,16.67,0.0,0
Ken Smith,2008,23,0,0,1,6,0.0,23,0.0,26.3,25.3,0.04,1
Kevin Buckler,2008,25,1,1,10,27,0.04,46,0.02174,21.0,19.26,0.02,1
Kevin Harvick,2008,25,8,22,30,36,0.32,50,0.16,5.8,11.44,29.54,1477
Mario Gosselin,2008,8,0,0,0,0,0.0,8,0.0,27.0,27.0,0.13,1
Mike Mittler,2008,7,0,0,0,0,0.0,10,0.0,30.9,27.2,0.3,3
Norm Benning,2008,7,0,0,0,0,0.0,7,0.0,32.86,32.14,0.0,0
Randy Moss,2008,13,0,0,2,9,0.0,13,0.0,18.92,18.62,2.23,29
Ray Hackett,2008,1,0,0,0,0,0.0,1,0.0,26.0,34.0,0.0,0
Richard Thompson,2008,1,0,0,0,0,0.0,1,0.0,28.0,21.0,0.0,0
Rick Jones,2008,2,0,0,0,1,0.0,2,0.0,33.0,26.0,0.0,0
Robert Cowen,2008,3,0,0,0,0,0.0,3,0.0,35.0,32.33,0.0,0
Steve Stallings,2008,7,0,0,1,4,0.0,7,0.0,15.86,19.57,0.0,0
Tad Geschickter,2008,8,0,0,0,1,0.0,8,0.0,28.13,26.63,0.0,0
Tom DeLoach,2008,25,0,4,8,15,0.0,25,0.0,17.68,16.24,6.96,174
Tom Mitchell,2008,25,0,9,18,39,0.0,50,0.0,16.46,14.1,0.72,36
William Bishop,2008,2,0,0,0,1,0.0,2,0.0,32.0,26.5,0.0,0
Wood Brothers,2008,25,0,0,2,9,0.0,25,0.0,21.92,21.6,0.0,0
Andy Hillenburg,2009,25,0,0,0,3,0.0,50,0.0,30.98,28.52,0.04,2
Arthur Shelton,2009,2,0,0,0,1,0.0,2,0.0,23.0,18.0,0.0,0
Billy Ballew,2009,25,7,20,27,44,0.28,51,0.13725,10.9,10.33,20.2,1030
Bobby Dotter,2009,20,0,0,0,0,0.0,20,0.0,30.2,32.5,0.0,0
Brad Keselowski,2009,8,0,0,0,5,0.0,8,0.0,20.75,18.0,0.0,0
Brent Raymer,2009,15,0,0,0,0,0.0,15,0.0,29.47,29.4,0.27,4
Carl Hartman,2009,7,0,0,0,0,0.0,7,0.0,27.57,30.57,0.71,5
Chris Fontaine,2009,8,0,0,0,5,0.0,9,0.0,27.22,20.44,0.56,5
Chris Lafferty,2009,8,0,0,0,0,0.0,8,0.0,33.25,30.0,0.0,0
Corrie Stott,2009,10,0,0,0,0,0.0,12,0.0,31.0,30.33,0.0,0
Craig Martins,2009,4,0,0,0,0,0.0,4,0.0,24.75,24.25,0.0,0
Curtis Key,2009,5,0,0,1,3,0.0,7,0.0,25.57,24.57,0.0,0
Dave Malcolmson,2009,18,0,3,11,16,0.0,18,0.0,17.39,10.67,0.0,0
Derrike Cope,2009,2,0,0,0,1,0.0,2,0.0,34.0,23.0,0.0,0
Doug Stringer,2009,8,0,0,0,3,0.0,8,0.0,23.13,22.13,0.0,0
Duane Bischoff,2009,1,0,0,0,0,0.0,1,0.0,34.0,25.0,0.0,0
Duke Thorson,2009,25,0,11,21,26,0.0,27,0.0,8.74,8.0,3.67,99
Dwayne Gaulding,2009,25,0,2,4,15,0.0,54,0.0,23.04,25.85,1.87,101
Dwayne Tatman,2009,2,0,0,0,1,0.0,2,0.0,31.5,22.0,0.0,0
Germain Racing,2009,25,2,11,13,26,0.08,34,0.05882,10.68,13.47,8.59,292
Harry Davis,2009,2,0,0,0,1,0.0,2,0.0,25.5,25.0,0.0,0
Jack Roush,2009,25,1,9,14,20,0.04,25,0.04,7.08,12.28,5.24,131
James Harris,2009,25,0,8,24,42,0.0,50,0.0,14.16,13.02,0.16,8
Jeff Wyler,2009,25,0,0,9,22,0.0,27,0.0,14.22,14.7,0.56,15
Jim Rosenblum,2009,1,0,0,0,0,0.0,1,0.0,32.0,26.0,0.0,0
Jimmy Dick,2009,2,0,0,0,0,0.0,2,0.0,23.0,21.5,0.0,0
Joe Scott,2009,25,1,7,13,19,0.04,25,0.04,11.36,12.24,3.24,81
Joey Sonntag,2009,5,0,0,0,0,0.0,5,0.0,30.8,31.0,0.0,0
Ken Schrader,2009,2,0,0,1,2,0.0,2,0.0,17.5,13.0,0.0,0
Ken Smith,2009,25,0,1,5,17,0.0,25,0.0,13.84,17.28,1.2,30
Kevin Buckler,2009,6,0,1,2,2,0.0,6,0.0,18.83,18.17,2.83,17
Kevin Cywinski,2009,1,0,0,0,0,0.0,1,0.0,24.0,21.0,0.0,0
Kevin Harvick,2009,25,9,23,30,44,0.36,54,0.16667,8.07,10.19,24.81,1340
Mario Gosselin,2009,18,0,0,1,6,0.0,30,0.0,26.5,27.87,0.07,2
Mike Curb,2009,25,1,7,13,22,0.04,25,0.04,10.64,11.52,4.72,118
Mike Harmon,2009,3,0,0,0,0,0.0,3,0.0,33.0,29.67,0.33,1
Mike Mittler,2009,5,0,0,0,1,0.0,5,0.0,29.2,25.8,0.0,0
Norm Benning,2009,24,0,0,0,3,0.0,24,0.0,32.13,25.21,0.0,0
Randy Moss,2009,25,3,9,27,43,0.12,50,0.06,11.7,11.92,8.42,421
Ray Hackett,2009,7,0,0,0,1,0.0,9,0.0,27.0,26.56,0.33,3
Richard Childress,2009,3,0,0,0,2,0.0,3,0.0,13.0,18.67,0.0,0
Richard Thompson,2009,3,0,0,0,1,0.0,3,0.0,28.67,21.33,0.0,0
Rick Jones,2009,10,0,0,0,1,0.0,10,0.0,27.5,26.4,0.0,0
Rick Ware,2009,3,0,0,0,1,0.0,3,0.0,25.33,21.33,0.0,0
Rob Fuller,2009,6,0,0,0,2,0.0,6,0.0,23.0,27.33,0.0,0
Robbie Brand,2009,1,0,0,0,0,0.0,1,0.0,35.0,27.0,0.0,0
Rod Sieg,2009,9,0,0,1,6,0.0,18,0.0,23.39,25.56,0.0,0
Ron Crosby,2009,9,0,0,0,2,0.0,9,0.0,26.78,24.67,0.0,0
Steve Stallings,2009,9,0,0,2,5,0.0,11,0.0,18.18,21.45,0.0,0
Steve Turner,2009,3,0,0,0,3,0.0,3,0.0,15.33,16.67,0.0,0
"Tim Bainey, Sr.",2009,4,0,0,0,1,0.0,4,0.0,29.5,24.25,0.25,1
Tom DeLoach,2009,25,1,9,20,38,0.04,51,0.01961,14.69,14.39,3.35,171
Tom Mitchell,2009,25,0,4,10,43,0.0,50,0.0,13.92,14.5,2.64,132
Trevor Boys,2009,4,0,0,0,0,0.0,5,0.0,33.0,31.4,0.0,0
William Bishop,2009,2,0,0,1,1,0.0,2,0.0,29.0,18.5,0.0,0
Andy Hillenburg,2010,14,0,0,0,4,0.0,16,0.0,29.19,26.44,0.13,2
Bill Kimmel,2010,1,0,0,0,0,0.0,1,0.0,36.0,21.0,0.0,0
Billy Ballew,2010,25,2,14,28,37,0.08,42,0.04762,10.71,10.83,2.0,84
Brad Keselowski,2010,5,0,1,3,4,0.0,5,0.0,8.6,12.8,0.0,0
Brent Raymer,2010,23,0,0,0,4,0.0,23,0.0,27.43,26.7,0.0,0
Carl Hartman,2010,2,0,0,0,1,0.0,2,0.0,21.5,21.5,0.0,0
Chris Fontaine,2010,7,0,0,0,5,0.0,7,0.0,16.71,18.86,2.14,15
Chris Lafferty,2010,16,0,0,0,1,0.0,22,0.0,31.14,31.68,0.0,0
Daisy Ramirez,2010,22,0,0,1,6,0.0,25,0.0,32.24,23.96,0.16,4
Danny Gill,2010,22,0,1,2,8,0.0,36,0.0,26.28,26.36,0.28,10
Donald Long,2010,4,0,0,0,1,0.0,4,0.0,16.75,28.5,0.0,0
Doug Stringer,2010,13,0,0,1,9,0.0,13,0.0,17.38,17.85,0.0,0
Duke Thorson,2010,25,0,10,20,22,0.0,26,0.0,8.54,9.96,0.58,15
Eddie Sharp,2010,4,0,0,1,3,0.0,4,0.0,20.5,17.25,0.0,0
Gene Price,2010,3,0,0,1,2,0.0,3,0.0,12.0,19.33,0.0,0
Germain Racing,2010,25,4,17,22,32,0.16,40,0.1,14.0,11.8,12.08,483
Jack Green,2010,4,0,0,0,1,0.0,4,0.0,25.5,30.75,0.0,0
Jeff Wyler,2010,25,0,0,5,21,0.0,25,0.0,15.4,16.12,0.44,11
Jennifer Jo Cobb,2010,25,0,0,0,5,0.0,26,0.0,28.15,23.65,0.0,0
Jim Rosenblum,2010,2,0,0,0,1,0.0,2,0.0,31.5,25.5,0.0,0
Jimmy Dick,2010,6,0,0,0,3,0.0,6,0.0,25.67,21.83,0.0,0
Joey Sonntag,2010,1,0,0,0,0,0.0,1,0.0,36.0,34.0,0.0,0
Ken Schrader,2010,2,0,0,0,0,0.0,2,0.0,22.5,26.0,0.0,0
Ken Smith,2010,25,0,0,0,12,0.0,25,0.0,21.68,23.04,0.04,1
Kevin Harvick,2010,25,7,22,29,37,0.28,50,0.14,6.22,11.8,21.7,1085
Kyle Busch,2010,25,8,16,21,29,0.32,32,0.25,8.44,8.03,34.69,1110
Mario Gosselin,2010,25,0,0,1,13,0.0,31,0.0,22.87,23.68,0.06,2
Mark Beaver,2010,4,0,0,0,1,0.0,4,0.0,25.25,27.0,0.0,0
Matt Lofton,2010,1,0,0,0,0,0.0,1,0.0,21.0,31.0,0.0,0
Mike Curb,2010,25,1,14,16,23,0.04,25,0.04,6.48,8.12,8.8,220
Mike Mittler,2010,4,0,0,0,2,0.0,4,0.0,26.5,18.75,0.75,3
Norm Benning,2010,25,0,0,0,2,0.0,25,0.0,33.0,25.16,0.0,0
Patrick Rodenbeck,2010,3,0,0,0,0,0.0,3,0.0,28.33,31.0,0.0,0
Randy Moss,2010,25,0,2,20,38,0.0,45,0.0,14.36,12.76,2.13,96
Ray Hackett,2010,5,0,0,0,1,0.0,5,0.0,25.6,27.6,0.0,0
Richard Childress,2010,25,2,7,16,20,0.08,26,0.07692,6.46,12.08,15.08,392
Rick Jones,2010,12,0,0,0,0,0.0,12,0.0,24.42,31.33,0.17,2
Rick Ware,2010,25,0,0,3,14,0.0,55,0.0,29.04,24.4,0.25,14
Ricky Benton,2010,8,0,0,0,5,0.0,8,0.0,22.0,19.75,0.0,0
Rob Grimm,2010,1,0,0,0,0,0.0,1,0.0,22.0,30.0,0.0,0
Rod Sieg,2010,25,0,0,2,16,0.0,49,0.0,24.59,25.94,0.12,6
Ron Crosby,2010,4,0,0,1,2,0.0,4,0.0,20.75,21.5,0.0,0
Stacy Compton,2010,2,0,0,0,0,0.0,2,0.0,26.5,25.5,0.0,0
Steve McGowan,2010,3,0,0,0,3,0.0,3,0.0,19.67,15.0,1.33,4
Steve Turner,2010,25,0,9,19,37,0.0,46,0.0,11.67,13.54,0.65,30
Steve Urvan,2010,25,0,3,10,31,0.0,49,0.0,16.98,17.53,0.57,28
Tom DeLoach,2010,25,1,9,26,40,0.04,53,0.01887,12.08,13.81,4.89,259
Tom Mitchell,2010,4,0,0,2,3,0.0,4,0.0,13.25,16.5,0.0,0
Valerie Yurek,2010,1,0,0,0,0,0.0,1,0.0,28.0,27.0,0.0,0
William Bishop,2010,1,0,0,0,1,0.0,1,0.0,28.0,16.0,0.0,0
Bill Alger,2011,4,0,0,0,0,0.0,4,0.0,32.25,27.25,0.0,0
Billy Ballew,2011,11,1,1,3,8,0.09091,15,0.06667,18.2,19.4,0.2,3
Bobby Dotter,2011,25,0,2,8,18,0.0,25,0.0,18.12,16.04,0.72,18
Brad Keselowski,2011,25,0,4,8,17,0.0,25,0.0,10.24,15.04,1.24,31
Brad Queen,2011,1,0,0,0,0,0.0,1,0.0,35.0,34.0,0.0,0
Chase Mattioli,2011,11,0,0,0,2,0.0,11,0.0,29.27,29.18,0.0,0
Chris Baluch,2011,5,0,0,0,0,0.0,5,0.0,29.2,26.0,0.0,0
Chris Fontaine,2011,6,0,0,0,2,0.0,6,0.0,24.17,24.83,0.0,0
Chris Lafferty,2011,3,0,0,0,0,0.0,3,0.0,31.33,29.33,0.0,0
Christopher Long,2011,2,0,0,0,1,0.0,2,0.0,26.0,25.0,0.0,0
Craig Martins,2011,1,0,0,0,0,0.0,1,0.0,30.0,33.0,0.0,0
David Melton,2011,1,0,0,0,0,0.0,1,0.0,31.0,26.0,0.0,0
Donald Long,2011,17,0,0,0,8,0.0,17,0.0,19.41,23.65,0.12,2
Duke Thorson,2011,25,1,5,14,21,0.04,33,0.0303,13.0,14.88,2.76,91
Eddie Sharp,2011,25,0,0,3,19,0.0,26,0.0,19.04,17.0,0.27,7
Edward Asbury,2011,3,0,0,0,1,0.0,3,0.0,21.67,23.0,0.0,0
Gene Price,2011,1,0,0,0,0,0.0,1,0.0,16.0,28.0,0.0,0
George Bragg,2011,1,0,0,0,1,0.0,1,0.0,18.0,12.0,0.0,0
Germain Racing,2011,25,0,6,22,64,0.0,84,0.0,17.8,15.83,0.7,59
Jake Crum,2011,2,0,0,0,0,0.0,2,0.0,26.5,29.0,0.0,0
Jennifer Jo Cobb,2011,13,0,0,1,4,0.0,15,0.0,32.47,26.47,0.07,1
Jim Rosenblum,2011,3,0,0,0,0,0.0,3,0.0,31.0,26.67,0.0,0
Jimmy Dick,2011,5,0,0,0,0,0.0,5,0.0,32.6,26.8,0.0,0
Joe Dennette,2011,25,0,2,7,20,0.0,28,0.0,17.57,16.29,5.0,140
Joey Sonntag,2011,5,0,0,0,0,0.0,5,0.0,32.4,32.2,0.0,0
John King,2011,1,0,0,0,0,0.0,1,0.0,19.0,28.0,0.0,0
Ken Smith,2011,23,0,0,0,1,0.0,23,0.0,29.22,29.83,0.04,1
Kevin Harvick,2011,25,10,37,51,66,0.4,80,0.125,7.88,10.23,14.51,1161
Kyle Busch,2011,25,8,16,18,22,0.32,32,0.25,10.91,11.81,27.44,878
Mark Beaver,2011,4,0,0,0,0,0.0,4,0.0,27.5,27.25,0.0,0
Matt Lofton,2011,2,0,0,0,0,0.0,2,0.0,26.0,27.0,0.0,0
Michael Peck,2011,3,0,0,0,0,0.0,3,0.0,29.67,29.67,0.0,0
Mike Allgaier,2011,1,0,0,0,1,0.0,1,0.0,29.0,20.0,0.0,0
Mike Curb,2011,25,2,11,16,21,0.08,25,0.08,8.48,9.44,14.92,373
Mike Harmon,2011,6,0,0,0,0,0.0,6,0.0,30.83,33.17,0.0,0
Mike Mittler,2011,9,0,0,0,2,0.0,9,0.0,29.67,24.89,0.0,0
Norm Benning,2011,19,0,0,0,2,0.0,25,0.0,32.68,28.28,0.0,0
Randy Moss,2011,10,0,0,2,7,0.0,11,0.0,21.36,19.73,0.0,0
Ray Hackett,2011,1,0,0,0,0,0.0,1,0.0,30.0,22.0,0.0,0
Richard Childress,2011,25,2,15,29,43,0.08,50,0.04,8.1,10.86,9.54,477
Rick Jones,2011,8,0,0,0,0,0.0,8,0.0,29.5,33.25,0.0,0
Rick Ware,2011,7,0,0,1,3,0.0,9,0.0,29.44,26.0,0.0,0
Ricky Benton,2011,15,0,1,1,11,0.0,15,0.0,22.33,18.0,0.13,2
Rod Sieg,2011,25,0,0,1,13,0.0,69,0.0,27.17,26.65,0.13,9
Ron Crosby,2011,7,0,0,0,0,0.0,7,0.0,28.0,26.57,0.0,0
Samuel Pearce,2011,1,0,0,0,0,0.0,1,0.0,26.0,23.0,0.0,0
Stacy Compton,2011,25,0,2,14,27,0.0,49,0.0,18.55,18.35,1.39,68
Steve McGowan,2011,3,0,0,1,2,0.0,3,0.0,17.33,16.33,0.0,0
Steve Turner,2011,25,0,13,31,56,0.0,75,0.0,13.09,14.53,4.85,364
Tom DeLoach,2011,25,1,10,19,37,0.04,50,0.02,14.92,14.66,3.06,153
Bill Alger,2012,8,0,0,1,3,0.0,10,0.0,26.3,26.6,0.0,0
Billy Ballew,2012,2,0,0,1,1,0.0,2,0.0,25.0,21.0,0.0,0
Bob Newberry,2012,11,0,0,0,2,0.0,11,0.0,24.91,25.27,0.0,0
Bobby Dotter,2012,22,0,1,4,12,0.0,22,0.0,21.59,20.59,0.09,2
Brad Keselowski,2012,22,1,7,16,25,0.04545,31,0.03226,11.48,11.81,4.13,128
Charlie Henderson,2012,8,0,0,0,3,0.0,8,0.0,28.13,21.13,0.0,0
Chris Baluch,2012,22,0,0,0,7,0.0,22,0.0,26.59,22.73,0.23,5
Chris Fontaine,2012,20,0,0,1,4,0.0,20,0.0,29.85,25.6,0.0,0
Donald Reynolds,2012,1,0,0,0,0,0.0,1,0.0,35.0,26.0,0.0,0
Duke Thorson,2012,22,0,9,15,30,0.0,37,0.0,14.68,13.27,3.41,126
Eddie Sharp,2012,22,2,7,21,37,0.09091,50,0.04,12.3,14.7,3.76,188
Edward Asbury,2012,3,0,0,0,0,0.0,3,0.0,24.33,27.67,0.0,0
Gary Adrian,2012,3,0,0,1,2,0.0,3,0.0,18.33,16.33,0.0,0
George Bragg,2012,3,0,0,0,1,0.0,3,0.0,21.33,23.0,0.0,0
Jake Crum,2012,5,0,0,0,1,0.0,5,0.0,21.8,23.6,0.0,0
Jason White,2012,22,0,2,5,18,0.0,22,0.0,16.55,15.41,3.0,66
Jennifer Jo Cobb,2012,17,0,0,0,1,0.0,25,0.0,32.16,30.48,0.0,0
Jim Rosenblum,2012,1,0,0,0,0,0.0,1,0.0,27.0,23.0,0.0,0
Joe Dennette,2012,22,0,2,6,17,0.0,30,0.0,15.6,19.03,0.93,28
Joey Arrington,2012,16,0,0,1,12,0.0,18,0.0,22.28,18.22,0.17,3
John Corr,2012,1,0,0,0,0,0.0,1,0.0,30.0,25.0,0.0,0
Ken Smith,2012,21,0,0,0,2,0.0,21,0.0,27.24,28.57,0.14,3
Kevin Cywinski,2012,2,0,0,0,1,0.0,2,0.0,20.5,22.5,0.0,0
Kyle Busch,2012,22,2,8,19,23,0.09091,27,0.07407,10.78,10.93,10.07,272
Mario Gosselin,2012,1,0,0,0,0,0.0,1,0.0,21.0,33.0,0.0,0
Michael Peck,2012,1,0,0,0,0,0.0,1,0.0,33.0,28.0,0.0,0
Mike Curb,2012,22,2,6,9,13,0.09091,22,0.09091,11.05,13.77,4.23,93
Mike Harmon,2012,9,0,0,0,0,0.0,9,0.0,29.22,32.33,0.0,0
Mike Hillman,2012,22,0,0,3,10,0.0,29,0.0,25.34,24.76,0.76,22
Mike Mittler,2012,5,0,0,0,1,0.0,5,0.0,30.4,22.8,0.0,0
Norm Benning,2012,17,0,0,0,5,0.0,19,0.0,34.16,24.68,0.0,0
Randy Young,2012,4,0,0,0,1,0.0,4,0.0,24.5,25.25,0.0,0
Ray Hackett,2012,1,0,0,0,1,0.0,1,0.0,30.0,17.0,0.0,0
Richard Childress,2012,22,3,21,39,57,0.13636,66,0.04545,8.92,10.5,11.85,782
Richie Wauters,2012,18,0,1,2,8,0.0,18,0.0,17.5,21.67,0.61,11
Rick Lind,2012,1,0,0,0,0,0.0,1,0.0,31.0,34.0,0.0,0
Rick Ware,2012,1,0,0,0,0,0.0,1,0.0,24.0,30.0,2.0,2
Ricky Benton,2012,7,0,1,1,5,0.0,7,0.0,25.0,18.57,0.0,0
Robby Benton,2012,22,0,1,3,15,0.0,22,0.0,19.77,18.5,0.0,0
Rod Sieg,2012,22,0,0,1,14,0.0,61,0.0,28.28,27.3,0.08,5
Ron Crosby,2012,3,0,0,0,1,0.0,3,0.0,30.0,21.67,0.0,0
Samuel Pearce,2012,1,0,0,0,0,0.0,1,0.0,31.0,28.0,0.0,0
Stacy Compton,2012,6,0,0,0,2,0.0,6,0.0,25.67,27.17,0.17,1
Steve Turner,2012,22,7,22,38,63,0.31818,74,0.09459,9.45,11.55,13.86,1026
Tom DeLoach,2012,22,5,22,33,42,0.22727,60,0.08333,10.53,12.88,10.15,609
William Martel,2012,1,0,0,0,0,0.0,1,0.0,32.0,21.0,0.0,0
Bill Alger,2013,5,0,0,0,2,0.0,5,0.0,26.4,23.2,0.0,0
Bob Newberry,2013,22,0,4,12,27,0.0,47,0.0,15.72,18.3,1.17,55
Bobby Dotter,2013,22,0,1,1,10,0.0,22,0.0,26.14,21.41,0.41,9
Brad Keselowski,2013,22,1,16,26,39,0.04545,45,0.02222,10.76,10.64,9.62,433
Charlie Henderson,2013,7,0,0,0,2,0.0,7,0.0,23.0,24.71,0.0,0
Chris Baluch,2013,20,0,0,0,4,0.0,20,0.0,26.6,25.8,0.05,1
Chris Fontaine,2013,2,0,0,0,1,0.0,2,0.0,19.5,24.5,1.5,3
Christopher Long,2013,1,0,0,0,1,0.0,1,0.0,32.0,19.0,0.0,0
Devin Jones,2013,1,0,0,0,0,0.0,1,0.0,26.0,24.0,0.0,0
Duke Thorson,2013,22,1,7,19,28,0.04545,33,0.0303,14.58,11.33,2.91,96
Eddie Sharp,2013,22,0,3,7,27,0.0,36,0.0,11.75,16.75,0.67,24
Gary Adrian,2013,3,0,0,0,3,0.0,3,0.0,24.0,16.33,0.0,0
George Bragg,2013,1,0,1,1,1,0.0,1,0.0,18.0,4.0,16.0,16
Jake Crum,2013,1,0,0,0,0,0.0,1,0.0,25.0,31.0,0.0,0
Jennifer Jo Cobb,2013,16,0,0,0,1,0.0,28,0.0,32.07,29.93,0.0,0
Jim Rosenblum,2013,2,0,0,0,1,0.0,2,0.0,33.5,24.0,0.0,0
Joe Nemechek,2013,2,0,0,0,1,0.0,2,0.0,24.5,18.5,0.0,0
Joey Cefalia,2013,2,0,0,0,0,0.0,2,0.0,34.0,29.5,0.0,0
John Corr,2013,2,0,0,0,0,0.0,2,0.0,23.5,29.5,0.0,0
K.D. Moore,2013,1,0,0,0,0,0.0,1,0.0,30.0,35.0,0.0,0
Ken Schrader,2013,3,0,0,0,1,0.0,3,0.0,14.33,23.33,5.0,15
Ken Smith,2013,19,0,0,0,2,0.0,19,0.0,29.0,28.26,0.11,2
Kenny Habul,2013,1,0,0,0,0,0.0,1,0.0,32.0,26.0,0.0,0
Kevin Cywinski,2013,3,0,0,0,0,0.0,3,0.0,22.33,27.67,0.0,0
Kyle Busch,2013,22,7,19,33,48,0.31818,66,0.10606,12.11,12.76,13.08,863
Mario Gosselin,2013,1,0,0,0,1,0.0,2,0.0,17.5,19.5,0.0,0
Mark Beaver,2013,9,0,0,0,1,0.0,9,0.0,29.33,30.56,0.0,0
Maury Gallagher,2013,3,0,0,0,1,0.0,3,0.0,31.0,24.67,0.0,0
Michael Peck,2013,2,0,0,0,0,0.0,2,0.0,29.5,28.0,0.0,0
Mike Curb,2013,22,3,9,14,19,0.13636,22,0.13636,12.5,10.32,2.82,62
Mike Harmon,2013,14,0,0,0,0,0.0,14,0.0,31.43,29.14,0.0,0
Mike Hillman,2013,15,0,0,0,5,0.0,15,0.0,23.87,23.07,0.0,0
Mike Mittler,2013,9,0,0,0,2,0.0,9,0.0,29.11,24.44,0.0,0
Norm Benning,2013,21,0,0,0,3,0.0,24,0.0,32.83,27.25,0.0,0
Randy Young,2013,7,0,0,0,1,0.0,7,0.0,21.57,24.14,0.0,0
Richard Childress,2013,22,3,20,26,38,0.13636,45,0.06667,8.02,10.76,14.27,642
Richie Wauters,2013,11,0,0,0,6,0.0,11,0.0,22.0,19.36,0.36,4
Rick Hendrick,2013,9,1,5,7,8,0.11111,9,0.11111,7.22,9.67,11.11,100
Rick Ware,2013,5,0,0,1,2,0.0,5,0.0,28.8,23.8,0.0,0
Ricky Benton,2013,9,0,0,1,2,0.0,9,0.0,26.0,23.56,0.0,0
Robert Johnson,2013,2,0,0,0,2,0.0,2,0.0,20.5,17.5,0.0,0
Rod Sieg,2013,20,0,0,2,12,0.0,49,0.0,25.94,26.9,0.04,2
Shigeaki Hattori,2013,1,0,0,0,1,0.0,1,0.0,14.0,17.0,0.0,0
Stacy Compton,2013,22,0,1,3,19,0.0,22,0.0,18.82,15.45,0.0,0
Steve Turner,2013,22,4,18,43,70,0.18182,82,0.04878,8.95,11.73,9.44,774
Tom DeLoach,2013,22,2,6,24,48,0.09091,66,0.0303,14.76,14.64,4.39,290
William Martel,2013,2,0,0,0,0,0.0,2,0.0,31.0,24.0,0.0,0
Bill Alger,2014,2,0,0,0,0,0.0,2,0.0,24.0,25.5,0.0,0
Billy Boat,2014,6,0,0,0,4,0.0,6,0.0,19.33,20.0,0.0,0
Bob Newberry,2014,22,0,4,12,36,0.0,46,0.0,12.96,15.17,1.11,51
Bobby Dotter,2014,22,0,0,1,10,0.0,41,0.0,24.54,24.1,0.1,4
Brad Keselowski,2014,22,2,19,30,39,0.09091,44,0.04545,7.14,8.82,8.61,379
Carl Long,2014,2,0,0,0,0,0.0,2,0.0,32.5,26.5,0.0,0
Cathy Venturini,2014,1,0,0,0,0,0.0,1,0.0,27.0,30.0,0.0,0
Charlie Henderson,2014,5,0,0,0,2,0.0,5,0.0,22.8,19.6,0.0,0
Chris Baluch,2014,22,0,0,2,15,0.0,22,0.0,19.18,19.18,0.14,3
Chris Fontaine,2014,2,0,0,1,2,0.0,2,0.0,19.0,13.0,0.0,0
Christopher Long,2014,4,0,0,1,2,0.0,4,0.0,23.25,21.25,0.0,0
Duke Thorson,2014,22,2,15,24,39,0.09091,44,0.04545,8.84,10.07,6.93,305
Dustin Hapka,2014,1,0,0,0,0,0.0,1,0.0,33.0,27.0,0.0,0
Gary Adrian,2014,1,0,0,1,1,0.0,1,0.0,12.0,7.0,0.0,0
Gene Haas,2014,9,1,2,6,8,0.11111,9,0.11111,8.22,10.0,16.67,150
George Bragg,2014,1,0,0,0,0,0.0,1,0.0,15.0,29.0,0.0,0
Jake Crum,2014,1,0,0,0,0,0.0,1,0.0,28.0,33.0,0.0,0
Jennifer Jo Cobb,2014,21,0,0,0,6,0.0,36,0.0,28.67,26.11,0.06,2
Jerry Brown,2014,3,0,0,0,1,0.0,3,0.0,25.0,22.67,0.0,0
Jim Rosenblum,2014,5,0,0,0,2,0.0,5,0.0,30.4,24.6,0.0,0
Joe Nemechek,2014,22,0,2,15,21,0.0,22,0.0,14.05,10.05,2.82,62
Joey Cefalia,2014,3,0,0,0,0,0.0,3,0.0,28.67,28.0,0.0,0
John Corr,2014,3,0,0,0,0,0.0,3,0.0,24.67,25.0,0.0,0
Ken Schrader,2014,1,0,1,1,1,0.0,1,0.0,10.0,4.0,0.0,0
Kevin Cywinski,2014,22,0,0,1,14,0.0,22,0.0,19.64,19.82,0.0,0
Kyle Busch,2014,22,14,23,31,38,0.63636,44,0.31818,6.59,7.91,37.95,1670
Mario Gosselin,2014,1,0,0,0,0,0.0,1,0.0,24.0,36.0,0.0,0
Mark Beaver,2014,22,0,0,0,5,0.0,22,0.0,24.91,23.73,0.27,6
Mason Mitchell,2014,1,0,0,0,1,0.0,1,0.0,18.0,16.0,0.0,0
Maury Gallagher,2014,22,0,4,12,28,0.0,38,0.0,13.47,15.21,0.03,1
Michael Peck,2014,4,0,0,0,1,0.0,4,0.0,29.75,26.0,0.0,0
Mike Affarano,2014,3,0,0,0,0,0.0,3,0.0,27.67,26.0,0.33,1
Mike Curb,2014,22,1,8,16,20,0.04545,22,0.04545,9.18,9.27,7.0,154
Mike Harmon,2014,6,0,0,0,0,0.0,6,0.0,32.5,29.83,0.0,0
Mike Mittler,2014,20,0,0,0,7,0.0,32,0.0,27.38,25.47,0.0,0
Norm Benning,2014,22,0,0,0,5,0.0,28,0.0,29.93,25.43,0.0,0
Randy Young,2014,22,0,0,0,15,0.0,30,0.0,23.13,22.87,0.0,0
"Raymond Terczak, Jr.",2014,3,0,0,0,0,0.0,3,0.0,32.33,32.67,0.0,0
Richard Childress,2014,2,1,2,3,3,0.5,3,0.33333,11.33,5.33,7.67,23
Richie Wauters,2014,8,0,2,3,7,0.0,8,0.0,12.5,11.88,0.0,0
Rick Ware,2014,3,0,0,0,1,0.0,3,0.0,29.0,27.33,0.0,0
Ricky Benton,2014,8,0,0,1,5,0.0,8,0.0,18.25,19.25,2.63,21
Robert Torriere,2014,1,0,1,1,1,0.0,1,0.0,6.0,5.0,4.0,4
Rod Sieg,2014,3,0,0,0,1,0.0,4,0.0,25.0,26.0,0.0,0
Steve Turner,2014,22,0,13,31,53,0.0,62,0.0,11.11,11.85,4.61,286
Theresa Williams,2014,1,0,0,0,0,0.0,1,0.0,32.0,34.0,0.0,0
Tom DeLoach,2014,22,1,13,25,39,0.04545,49,0.02041,11.29,12.61,3.12,153
Tony Townley,2014,13,0,1,2,7,0.0,13,0.0,16.54,21.0,1.15,15
Tracy Wallace,2014,4,0,0,0,0,0.0,4,0.0,30.75,28.75,0.0,0
William Martel,2014,2,0,0,0,0,0.0,2,0.0,28.5,26.0,0.0,0
Bill Alger,2015,2,0,0,0,1,0.0,2,0.0,23.5,24.5,0.0,0
Bill Venturini,2015,5,0,0,1,4,0.0,5,0.0,20.4,17.8,0.0,0
Billy Boat,2015,22,0,1,4,15,0.0,25,0.0,17.72,19.0,0.16,4
Bob Newberry,2015,23,0,5,18,29,0.0,35,0.0,11.34,12.49,0.74,26
Bobby Dotter,2015,23,0,1,1,17,0.0,23,0.0,20.65,16.65,0.3,7
Brad Keselowski,2015,23,4,23,31,42,0.17391,46,0.08696,9.07,8.93,8.87,408
Carlos Lira,2015,1,0,0,0,1,0.0,2,0.0,21.5,20.0,0.0,0
Charlie Henderson,2015,7,0,0,1,3,0.0,7,0.0,18.43,20.29,0.0,0
Chris Baluch,2015,3,0,0,1,1,0.0,3,0.0,24.0,19.67,0.0,0
Chris Fontaine,2015,2,0,0,1,1,0.0,2,0.0,10.0,16.5,0.0,0
Christopher Long,2015,22,0,0,0,7,0.0,36,0.0,24.86,24.53,0.0,0
Duke Thorson,2015,23,6,17,31,40,0.26087,46,0.13043,7.52,9.3,18.46,849
JR Motorsports,2015,15,2,4,7,12,0.13333,15,0.13333,7.4,12.33,25.8,387
Jason Little,2015,4,0,0,0,2,0.0,4,0.0,14.75,22.25,0.0,0
Jay Robinson,2015,22,0,0,0,12,0.0,22,0.0,24.5,20.41,0.09,2
Jennifer Jo Cobb,2015,23,0,0,0,7,0.0,33,0.0,26.94,25.7,0.0,0
Jerry Brown,2015,5,0,0,0,1,0.0,5,0.0,23.0,25.4,0.0,0
Jim Rosenblum,2015,2,0,0,0,2,0.0,2,0.0,23.0,18.0,0.0,0
Joe Nemechek,2015,23,1,9,13,20,0.04348,23,0.04348,10.09,9.57,2.74,63
John Corr,2015,5,0,0,0,3,0.0,6,0.0,23.0,22.0,0.0,0
Ken Schrader,2015,1,0,0,0,1,0.0,1,0.0,3.0,11.0,0.0,0
Kevin Cywinski,2015,1,0,0,0,0,0.0,1,0.0,27.0,32.0,0.0,0
Kyle Busch,2015,23,6,23,45,57,0.26087,70,0.08571,8.59,10.59,17.97,1258
Margaret Lind,2015,1,0,0,0,0,0.0,1,0.0,31.0,30.0,0.0,0
Mark Beaver,2015,23,0,0,0,13,0.0,40,0.0,25.8,24.23,0.05,2
Mark Rette,2015,3,0,0,0,0,0.0,3,0.0,18.0,24.33,0.0,0
Maury Gallagher,2015,23,1,9,19,37,0.04348,47,0.02128,10.6,13.3,2.89,136
Michael Peck,2015,4,0,0,0,0,0.0,4,0.0,25.75,26.75,0.0,0
Mike Affarano,2015,4,0,0,0,0,0.0,4,0.0,31.0,30.0,0.0,0
Mike Curb,2015,23,0,7,16,21,0.0,23,0.0,11.87,9.17,5.13,118
Mike Harmon,2015,20,0,0,0,7,0.0,21,0.0,27.24,23.05,0.0,0
Mike Mittler,2015,22,0,1,1,12,0.0,39,0.0,23.97,23.95,1.18,46
Norm Benning,2015,19,0,0,0,2,0.0,20,0.0,28.25,25.15,0.0,0
Randy Young,2015,23,0,0,2,19,0.0,23,0.0,19.26,16.7,0.04,1
Richie Wauters,2015,4,0,0,2,3,0.0,4,0.0,14.5,16.5,0.0,0
Rick Ware,2015,3,0,0,0,1,0.0,3,0.0,26.33,20.67,0.0,0
Ricky Benton,2015,7,0,0,2,4,0.0,7,0.0,14.71,17.43,0.14,1
Robert Torriere,2015,1,0,0,0,0,0.0,1,0.0,32.0,32.0,0.0,0
Rod Sieg,2015,1,0,0,0,1,0.0,1,0.0,18.0,11.0,0.0,0
Shigeaki Hattori,2015,1,0,0,0,1,0.0,1,0.0,25.0,17.0,0.0,0
Stanton Barrett,2015,1,0,0,0,0,0.0,1,0.0,21.0,29.0,0.0,0
Todd Braun,2015,3,0,0,1,2,0.0,3,0.0,15.33,17.67,0.0,0
Tom DeLoach,2015,23,2,12,24,37,0.08696,47,0.04255,10.85,11.94,2.6,122
Tony Townley,2015,23,1,3,9,20,0.04348,23,0.04348,12.48,12.52,1.09,25
Tracy Wallace,2015,1,0,0,0,1,0.0,1,0.0,30.0,18.0,0.0,0
William Martel,2015,1,0,0,0,1,0.0,1,0.0,32.0,19.0,0.0,0
Al Niece,2016,1,0,0,0,0,0.0,1,0.0,24.0,23.0,0.0,0
Bob Newberry,2016,1,0,0,1,1,0.0,1,0.0,26.0,9.0,0.0,0
Bobby Dotter,2016,23,0,0,0,7,0.0,23,0.0,27.09,22.35,0.0,0
Brad Keselowski,2016,23,1,19,29,43,0.04348,51,0.01961,10.16,11.06,8.69,443
Bryan Hill,2016,5,0,0,1,5,0.0,5,0.0,21.8,14.6,0.0,0
Carlos Contreras,2016,16,0,1,1,6,0.0,16,0.0,23.81,23.0,6.81,109
Charlie Henderson,2016,5,0,0,1,3,0.0,5,0.0,16.8,19.2,0.0,0
Chris Fontaine,2016,2,0,0,0,0,0.0,2,0.0,17.5,22.5,0.0,0
Chris Larsen,2016,6,0,0,0,3,0.0,6,0.0,19.67,21.5,0.0,0
Craig Martins,2016,22,0,0,0,7,0.0,22,0.0,24.45,23.55,0.32,7
Duke Thorson,2016,23,2,16,32,55,0.08696,69,0.02899,10.28,13.09,7.57,522
JR Motorsports,2016,23,0,5,14,19,0.0,23,0.0,10.13,11.48,3.57,82
Jay Robinson,2016,23,0,0,0,7,0.0,23,0.0,26.09,22.39,0.13,3
Jeff Bolen,2016,18,0,0,0,9,0.0,18,0.0,24.06,20.5,0.06,1
Jennifer Jo Cobb,2016,18,0,0,0,2,0.0,31,0.0,30.1,27.39,0.0,0
Jerry Brown,2016,14,0,1,1,5,0.0,14,0.0,23.21,21.79,0.0,0
Jesse Little,2016,2,0,0,0,2,0.0,2,0.0,12.5,19.0,0.0,0
Jim Rosenblum,2016,2,0,0,0,1,0.0,2,0.0,30.5,26.0,0.0,0
Joe Nemechek,2016,23,2,5,11,19,0.08696,23,0.08696,13.09,12.13,4.3,99
Kyle Busch,2016,23,11,27,43,62,0.47826,77,0.14286,8.31,11.68,18.06,1391
Mark Beaver,2016,21,0,1,1,8,0.0,23,0.0,28.74,22.13,0.09,2
Matthew Miller,2016,6,0,0,3,6,0.0,6,0.0,13.5,12.0,0.0,0
Maury Gallagher,2016,23,6,23,49,70,0.26087,87,0.06897,10.49,11.72,6.29,547
Mike Curb,2016,23,0,2,5,17,0.0,23,0.0,18.48,15.87,0.04,1
Mike Harmon,2016,6,0,0,0,0,0.0,6,0.0,29.33,27.67,0.0,0
Mike Mittler,2016,21,0,0,0,4,0.0,21,0.0,25.33,25.14,4.86,102
Norm Benning,2016,3,0,0,0,0,0.0,3,0.0,30.33,30.67,0.0,0
Randy Young,2016,23,0,0,2,13,0.0,23,0.0,20.74,19.48,0.0,0
Richie Wauters,2016,1,0,0,0,0,0.0,1,0.0,10.0,27.0,0.0,0
Ricky Benton,2016,12,0,1,3,8,0.0,12,0.0,19.92,17.92,0.0,0
Shigeaki Hattori,2016,17,0,1,4,11,0.0,17,0.0,17.71,16.59,0.82,14
Tim Self,2016,22,0,0,1,10,0.0,23,0.0,24.17,20.7,0.04,1
Todd Braun,2016,4,0,0,0,0,0.0,4,0.0,17.25,24.5,0.0,0
Tom DeLoach,2016,23,1,13,26,43,0.04348,46,0.02174,11.17,10.28,2.37,109
Tony Townley,2016,23,0,0,2,13,0.0,23,0.0,12.22,19.43,0.17,4
Tracy Wallace,2016,1,0,0,0,0,0.0,1,0.0,13.0,31.0,0.0,0
William Martel,2016,1,0,0,0,1,0.0,1,0.0,25.0,19.0,0.0,0
Al Niece,2017,22,0,0,0,14,0.0,24,0.0,20.54,19.21,0.0,0
Bill Alger,2017,4,0,0,1,1,0.0,4,0.0,17.5,21.75,0.25,1
Boyd Long,2017,2,0,0,0,0,0.0,2,0.0,29.0,26.5,0.0,0
Brad Keselowski,2017,23,2,18,30,40,0.08696,46,0.04348,7.89,9.35,8.57,394
Bryan Hill,2017,3,0,0,0,1,0.0,3,0.0,17.67,23.33,0.0,0
Charlie Henderson,2017,9,1,1,5,5,0.11111,9,0.11111,14.78,15.56,1.22,11
Chris Fontaine,2017,1,0,0,0,0,0.0,1,0.0,17.0,26.0,0.0,0
Chris Larsen,2017,19,0,2,5,11,0.0,19,0.0,16.37,17.16,5.42,103
Craig Martins,2017,5,0,0,0,1,0.0,5,0.0,26.0,25.4,0.0,0
D.J. Copp,2017,23,0,0,1,9,0.0,27,0.0,25.7,23.15,0.04,1
Duke Thorson,2017,23,2,12,31,59,0.08696,70,0.02857,10.1,12.46,7.61,533
Faith Motorsports,2017,4,0,0,0,2,0.0,4,0.0,25.25,20.75,0.0,0
Gaunt Brothers,2017,1,0,0,0,1,0.0,1,0.0,17.0,14.0,0.0,0
Jason Little,2017,4,0,0,1,4,0.0,4,0.0,12.0,13.5,0.0,0
Jay Robinson,2017,23,0,0,0,16,0.0,30,0.0,23.27,20.77,0.1,3
Jeff Bolen,2017,13,0,0,3,11,0.0,13,0.0,18.62,15.77,0.23,3
Jennifer Jo Cobb,2017,20,0,0,0,5,0.0,32,0.0,27.94,25.66,0.0,0
Jerry Brown,2017,1,0,0,0,0,0.0,1,0.0,9.0,23.0,0.0,0
Jim Rosenblum,2017,1,0,0,0,0,0.0,1,0.0,27.0,22.0,0.0,0
Joe Nemechek,2017,23,2,9,12,19,0.08696,40,0.05,15.48,19.05,2.7,108
Kyle Busch,2017,23,9,27,46,64,0.3913,73,0.12329,7.37,9.7,20.3,1482
Mark Beaver,2017,22,0,0,0,13,0.0,22,0.0,26.45,20.95,0.0,0
Mark Rette,2017,1,0,0,0,0,0.0,1,0.0,24.0,25.0,0.0,0
Matthew Miller,2017,16,1,4,7,13,0.0625,16,0.0625,15.0,13.38,0.88,14
Maury Gallagher,2017,23,6,23,46,62,0.26087,72,0.08333,8.68,10.21,8.6,619
Michael Peck,2017,1,0,0,0,0,0.0,1,0.0,32.0,32.0,0.0,0
Mike Curb,2017,23,0,9,15,21,0.0,23,0.0,11.0,9.43,1.78,41
Mike Harmon,2017,3,0,0,0,0,0.0,3,0.0,29.0,27.33,0.0,0
Mike Mittler,2017,19,0,0,1,6,0.0,26,0.0,23.96,24.23,0.0,0
Norm Benning,2017,20,0,0,0,6,0.0,32,0.0,28.41,25.59,0.0,0
Randy Young,2017,23,0,0,3,15,0.0,24,0.0,18.54,17.58,0.0,0
Richie Wauters,2017,2,0,0,0,1,0.0,2,0.0,13.5,21.0,0.0,0
Rick Ware,2017,3,0,0,0,1,0.0,3,0.0,30.0,26.33,0.0,0
Ricky Benton,2017,13,0,0,2,11,0.0,13,0.0,19.38,14.08,0.0,0
Shane Lamb,2017,9,0,0,0,5,0.0,9,0.0,21.78,21.0,0.0,0
Shigeaki Hattori,2017,23,0,8,13,20,0.0,23,0.0,8.91,11.43,5.0,115
Tim Self,2017,6,0,1,3,6,0.0,7,0.0,23.57,11.57,0.0,0
Tom DeLoach,2017,5,0,1,5,9,0.0,10,0.0,8.3,11.6,0.4,4
Tracy Lowe,2017,22,0,0,0,8,0.0,22,0.0,24.27,21.27,0.0,0
Tracy Wallace,2017,1,0,0,0,0,0.0,1,0.0,21.0,25.0,0.0,0
Al Niece,2018,23,0,0,3,33,0.0,52,0.0,20.87,18.65,0.04,2
All Out Motorsports,2018,10,0,0,0,6,0.0,10,0.0,20.5,18.5,0.4,4
Bill McAnally,2018,1,0,0,1,1,0.0,1,0.0,8.0,8.0,0.0,0
Charlie Henderson,2018,8,0,1,2,4,0.0,8,0.0,15.5,18.63,2.88,23
Chris Fontaine,2018,2,0,0,0,0,0.0,2,0.0,20.0,26.5,0.0,0
Chris Larsen,2018,23,0,9,16,21,0.0,23,0.0,7.52,9.13,8.17,188
Clay Greenfield,2018,5,0,0,0,2,0.0,5,0.0,17.6,23.0,0.0,0
Codie Rohrbaugh,2018,2,0,0,0,2,0.0,2,0.0,25.5,16.5,0.0,0
D.J. Copp,2018,20,0,0,1,7,0.0,20,0.0,26.2,23.05,0.0,0
David Gilliland,2018,23,0,5,7,22,0.0,31,0.0,12.39,16.84,2.74,85
Duke Thorson,2018,23,2,19,35,61,0.08696,70,0.02857,11.84,11.59,5.86,410
Jason Little,2018,10,0,0,6,8,0.0,10,0.0,14.1,13.0,0.2,2
Jay Robinson,2018,23,0,1,2,15,0.0,45,0.0,25.62,21.44,0.02,1
Jeff Finley,2018,2,0,0,1,1,0.0,2,0.0,16.0,18.0,0.0,0
Jennifer Jo Cobb,2018,21,0,0,0,2,0.0,29,0.0,27.83,25.83,0.14,4
Jim Rosenblum,2018,2,0,0,1,2,0.0,2,0.0,25.0,13.0,0.0,0
Joe Nemechek,2018,23,1,7,13,16,0.04348,37,0.02703,14.59,19.35,7.78,288
Jordan Anderson,2018,23,0,0,2,13,0.0,23,0.0,22.74,19.91,0.22,5
Josh Reaume,2018,18,0,0,0,5,0.0,21,0.0,25.62,23.67,0.0,0
Kyle Busch,2018,23,3,24,49,64,0.13043,75,0.04,6.89,10.28,16.47,1235
Mark Beaver,2018,14,0,0,0,1,0.0,14,0.0,28.93,27.93,0.0,0
Matthew Miller,2018,4,0,0,0,2,0.0,4,0.0,16.5,17.5,0.0,0
Maury Gallagher,2018,23,10,27,50,82,0.43478,93,0.10753,10.44,10.94,7.52,699
Mike Curb,2018,23,1,7,15,22,0.04348,23,0.04348,7.52,8.74,7.83,180
Mike Harmon,2018,7,0,0,0,0,0.0,7,0.0,28.71,26.57,0.0,0
Mike Mittler,2018,17,0,0,0,1,0.0,18,0.0,25.83,28.44,0.0,0
NextGen Motorsports,2018,2,0,0,0,2,0.0,2,0.0,22.5,17.0,0.0,0
Norm Benning,2018,16,0,0,0,3,0.0,16,0.0,28.5,25.0,0.0,0
Randy Young,2018,23,0,2,11,33,0.0,51,0.0,17.39,17.69,0.16,8
Ray Ciccarelli,2018,1,0,0,0,0,0.0,1,0.0,29.0,25.0,0.0,0
Ricky Benton,2018,1,0,0,1,1,0.0,1,0.0,16.0,7.0,0.0,0
Roper Racing,2018,6,0,0,0,3,0.0,6,0.0,21.67,21.0,0.0,0
Shigeaki Hattori,2018,23,6,13,13,21,0.26087,23,0.26087,11.74,8.91,11.7,269
Steven Lane,2018,5,0,0,1,4,0.0,5,0.0,22.2,18.0,0.0,0
Tracy Lowe,2018,3,0,0,0,0,0.0,3,0.0,30.33,29.0,0.0,0
Tracy Wallace,2018,1,0,0,0,0,0.0,1,0.0,16.0,26.0,0.0,0
Al Niece,2019,23,3,10,24,33,0.13043,52,0.05769,16.48,14.94,11.46,596
All Out Motorsports,2019,7,0,0,0,2,0.0,7,0.0,24.43,21.71,0.0,0
Bill McAnally,2019,4,0,0,1,2,0.0,4,0.0,18.25,21.0,0.0,0
Charlie Henderson,2019,3,0,0,1,3,0.0,3,0.0,21.67,14.33,0.0,0
Chris Fontaine,2019,1,0,0,0,0,0.0,1,0.0,16.0,27.0,0.0,0
Chris Larsen,2019,23,2,12,16,22,0.08696,23,0.08696,8.39,8.52,11.13,256
Clay Greenfield,2019,4,0,0,0,2,0.0,4,0.0,19.5,19.75,0.0,0
Codie Rohrbaugh,2019,9,0,0,1,4,0.0,9,0.0,19.44,21.0,0.0,0
D.J. Copp,2019,3,0,0,0,1,0.0,3,0.0,27.67,24.67,0.0,0
David Gilliland,2019,23,1,4,16,41,0.04348,64,0.01563,14.69,17.23,1.22,78
Duke Thorson,2019,23,1,18,45,60,0.04348,72,0.01389,9.25,10.79,5.4,389
Jason Little,2019,9,0,0,0,4,0.0,9,0.0,22.0,21.11,0.0,0
Jeff Finley,2019,6,0,0,0,2,0.0,6,0.0,22.0,24.17,0.0,0
Jennifer Jo Cobb,2019,19,0,0,0,4,0.0,26,0.0,29.08,24.92,0.0,0
Jim Rosenblum,2019,3,0,0,0,1,0.0,3,0.0,24.67,24.0,0.33,1
Joe Nemechek,2019,23,0,0,2,9,0.0,37,0.0,20.78,24.65,0.14,5
Jordan Anderson,2019,23,0,0,0,12,0.0,23,0.0,20.74,19.74,0.0,0
Josh Reaume,2019,23,0,1,2,18,0.0,46,0.0,27.02,22.57,0.02,1
Kart Idaho Racing,2019,1,0,0,0,1,0.0,1,0.0,25.0,16.0,0.0,0
Kyle Busch,2019,23,7,30,45,68,0.30435,76,0.09211,8.63,9.7,11.54,877
Lou Goss,2019,2,0,0,0,1,0.0,2,0.0,31.0,24.0,0.0,0
Mark Beaver,2019,5,0,0,0,0,0.0,5,0.0,29.8,29.4,0.0,0
Mark Rette,2019,3,0,0,1,3,0.0,3,0.0,21.67,15.33,0.0,0
Maury Gallagher,2019,23,4,17,28,40,0.17391,49,0.08163,7.45,10.98,13.57,665
Mike Affarano,2019,1,0,0,0,0,0.0,1,0.0,18.0,26.0,0.0,0
Mike Curb,2019,23,0,10,18,21,0.0,23,0.0,7.96,8.52,13.17,303
Norm Benning,2019,14,0,0,0,2,0.0,14,0.0,29.93,24.79,0.0,0
Randy Young,2019,23,1,3,5,44,0.04348,69,0.01449,19.58,18.68,0.2,14
Ray Ciccarelli,2019,9,0,0,1,3,0.0,9,0.0,26.67,22.0,0.11,1
Ricky Benton,2019,1,0,0,0,0,0.0,1,0.0,26.0,22.0,0.0,0
Roper Racing,2019,10,0,0,1,5,0.0,10,0.0,20.6,21.2,0.0,0
Shigeaki Hattori,2019,23,4,7,13,17,0.17391,23,0.17391,8.65,12.61,9.09,209
Steven Lane,2019,16,0,1,5,10,0.0,16,0.0,17.81,16.5,0.0,0
Tim Self,2019,23,0,1,4,18,0.0,23,0.0,19.26,17.09,0.0,0
Timmy Hill,2019,11,0,1,1,5,0.0,11,0.0,24.36,18.91,0.0,0
Tracy Wallace,2019,1,0,0,0,1,0.0,1,0.0,14.0,11.0,0.0,0
Trey Hutchens,2019,2,0,0,0,1,0.0,2,0.0,24.0,20.0,0.0,0
Al Niece,2020,23,0,3,13,42,0.0,77,0.0,20.91,20.31,0.42,32
All Out Motorsports,2020,7,0,0,0,1,0.0,7,0.0,25.43,28.14,0.0,0
Bill McAnally,2020,23,0,3,13,18,0.0,23,0.0,13.0,12.96,1.35,31
Bob Jenkins,2020,23,0,4,10,16,0.0,23,0.0,12.83,16.13,4.26,98
Boyd Long,2020,4,0,0,0,1,0.0,4,0.0,37.25,24.75,0.75,3
Charlie Henderson,2020,8,0,1,3,6,0.0,8,0.0,31.0,15.88,0.88,7
Chris Larsen,2020,23,0,3,13,16,0.0,23,0.0,16.87,15.35,1.35,31
Clay Greenfield,2020,19,0,0,0,4,0.0,19,0.0,28.37,24.89,0.0,0
Codie Rohrbaugh,2020,17,0,2,3,6,0.0,17,0.0,24.53,23.59,0.0,0
David Gilliland,2020,23,0,4,10,22,0.0,30,0.0,18.93,16.3,0.13,4
Duke Thorson,2020,23,2,21,37,55,0.08696,69,0.02899,9.71,12.57,3.9,269
Jennifer Jo Cobb,2020,21,0,0,0,0,0.0,21,0.0,31.38,30.19,0.76,16
Jim Rosenblum,2020,7,0,0,0,0,0.0,7,0.0,34.86,31.86,0.0,0
Joe Nemechek,2020,6,0,0,1,2,0.0,6,0.0,34.83,22.33,0.33,2
Jordan Anderson,2020,23,0,1,2,8,0.0,23,0.0,23.26,23.3,0.04,1
Josh Reaume,2020,23,0,0,1,6,0.0,48,0.0,28.65,27.19,0.02,1
Kyle Busch,2020,23,5,21,29,53,0.21739,69,0.07246,9.36,13.25,8.58,592
Logan Puckett,2020,8,0,0,0,1,0.0,8,0.0,32.38,25.25,0.0,0
Mark Cram,2020,10,0,0,0,2,0.0,10,0.0,29.3,26.8,0.0,0
Maury Gallagher,2020,23,10,33,59,95,0.43478,113,0.0885,8.96,11.95,14.21,1606
Mike Curb,2020,23,4,8,13,20,0.17391,23,0.17391,6.65,10.43,6.78,156
Norm Benning,2020,17,0,0,0,0,0.0,17,0.0,33.76,30.71,0.0,0
Randy Young,2020,23,0,0,0,17,0.0,46,0.0,23.52,23.54,0.02,1
Ray Ciccarelli,2020,19,0,0,0,0,0.0,30,0.0,33.93,29.93,0.0,0
Roper Racing,2020,12,0,0,0,3,0.0,12,0.0,24.0,23.92,0.0,0
Shigeaki Hattori,2020,23,2,11,17,20,0.08696,23,0.08696,5.74,9.0,15.13,348
Spencer Davis,2020,14,0,0,0,7,0.0,14,0.0,27.79,22.21,0.0,0
Steven Lane,2020,22,0,0,2,12,0.0,22,0.0,22.77,21.82,0.0,0
Tim Self,2020,23,0,0,2,15,0.0,23,0.0,21.3,20.83,0.0,0
Timmy Hill,2020,23,0,0,2,12,0.0,23,0.0,23.0,19.7,0.09,2
Trey Hutchens,2020,3,0,0,0,0,0.0,3,0.0,38.67,33.67,0.0,0
Al Niece,2021,22,0,6,14,42,0.0,76,0.0,19.49,20.33,0.95,72
Bill McAnally,2021,22,0,1,4,13,0.0,22,0.0,16.0,19.73,2.64,58
Bob Jenkins,2021,22,1,10,16,19,0.04545,22,0.04545,8.18,9.55,16.32,359
Charlie Henderson,2021,12,0,2,5,8,0.0,12,0.0,27.25,16.42,0.0,0
Chris Larsen,2021,22,0,7,9,16,0.0,23,0.0,11.13,15.0,0.87,20
Clay Greenfield,2021,1,0,0,0,1,0.0,1,0.0,38.0,19.0,0.0,0
Codie Rohrbaugh,2021,20,0,1,4,11,0.0,20,0.0,24.1,21.55,0.0,0
David Gilliland,2021,22,1,3,7,28,0.04545,58,0.01724,21.17,21.43,0.45,26
Duke Thorson,2021,22,2,18,39,58,0.09091,72,0.02778,10.18,12.54,2.14,154
Jennifer Jo Cobb,2021,19,0,0,0,1,0.0,19,0.0,32.63,31.74,0.0,0
Jim Rosenblum,2021,3,0,0,0,1,0.0,3,0.0,35.67,30.67,0.67,2
Joe Nemechek,2021,1,0,0,0,1,0.0,1,0.0,37.0,13.0,0.0,0
Jordan Anderson,2021,20,0,1,2,3,0.0,20,0.0,28.9,25.2,0.0,0
Josh Reaume,2021,22,0,0,0,5,0.0,42,0.0,32.52,28.64,0.02,1
Kyle Busch,2021,22,10,24,33,45,0.45455,66,0.15152,10.95,14.39,16.89,1115
Mark Cram,2021,18,0,0,1,2,0.0,18,0.0,30.78,25.72,0.11,2
Maury Gallagher,2021,22,4,17,36,65,0.18182,110,0.03636,14.54,18.36,8.39,923
Mike Curb,2021,22,1,7,13,18,0.04545,22,0.04545,12.77,10.55,6.14,135
Norm Benning,2021,13,0,0,0,2,0.0,13,0.0,36.54,32.31,0.0,0
Rackley W.A.R.,2021,22,0,0,1,10,0.0,23,0.0,21.0,22.22,0.17,4
Randy Young,2021,22,1,2,5,22,0.04545,64,0.01563,24.91,24.06,0.2,13
Ray Ciccarelli,2021,11,0,0,0,0,0.0,11,0.0,36.64,30.82,0.0,0
Roper Racing,2021,19,0,2,3,7,0.0,19,0.0,27.11,24.89,0.0,0
Shigeaki Hattori,2021,22,2,8,15,17,0.09091,22,0.09091,8.18,11.18,3.41,75
Spencer Davis,2021,12,0,0,0,5,0.0,12,0.0,30.75,21.75,0.0,0
Stacy Holmes,2021,12,0,0,3,5,0.0,12,0.0,30.5,20.92,1.0,12
Steven Lane,2021,22,0,0,2,10,0.0,22,0.0,24.45,23.73,0.0,0
Tim Self,2021,22,0,0,4,16,0.0,23,0.0,16.96,18.48,0.0,0
Timmy Hill,2021,20,0,1,4,9,0.0,20,0.0,27.75,20.8,0.05,1
Trey Hutchens,2021,2,0,0,0,0,0.0,2,0.0,33.0,32.5,0.0,0
Al Niece,2022,23,1,9,14,40,0.04348,99,0.0101,20.18,21.69,3.55,351
Bill McAnally,2022,23,0,0,10,33,0.0,51,0.0,16.88,17.84,1.08,55
Bob Jenkins,2022,23,4,14,19,21,0.17391,23,0.17391,9.74,7.7,21.39,492
Bruce Cook,2022,1,0,0,0,1,0.0,1,0.0,25.0,12.0,0.0,0
Charlie Henderson,2022,12,1,4,8,12,0.08333,12,0.08333,15.25,9.17,5.67,68
Chris Larsen,2022,23,1,9,15,28,0.04348,33,0.0303,12.09,12.94,4.18,138
Codie Rohrbaugh,2022,22,0,0,0,1,0.0,22,0.0,26.45,27.77,0.0,0
David Gilliland,2022,23,2,10,20,46,0.08696,70,0.02857,16.0,17.07,2.73,191
Duke Thorson,2022,23,3,22,42,60,0.13043,73,0.0411,11.52,11.6,8.0,584
G2G Racing,2022,16,0,0,0,1,0.0,18,0.0,31.22,30.0,0.0,0
Jennifer Jo Cobb,2022,1,0,0,0,0,0.0,1,0.0,31.0,32.0,0.0,0
Jim Rosenblum,2022,2,0,0,0,0,0.0,2,0.0,23.5,29.0,0.0,0
Jordan Anderson,2022,6,0,0,0,4,0.0,6,0.0,27.17,21.17,0.0,0
Josh Reaume,2022,22,0,0,0,6,0.0,42,0.0,32.48,28.83,0.0,0
Kyle Busch,2022,23,8,29,46,53,0.34783,69,0.11594,7.61,10.88,15.1,1042
Maury Gallagher,2022,23,1,7,12,24,0.04348,46,0.02174,16.24,18.65,0.96,44
Mike Curb,2022,23,0,8,15,20,0.0,23,0.0,10.57,10.87,4.48,103
Rackley W.A.R.,2022,23,1,1,7,18,0.04348,24,0.04167,15.71,16.38,0.04,1
Randy Young,2022,23,0,0,3,22,0.0,66,0.0,25.65,24.41,0.0,0
Ray Ciccarelli,2022,1,0,0,0,0,0.0,1,0.0,22.0,32.0,0.0,0
Shigeaki Hattori,2022,23,0,0,10,35,0.0,45,0.0,17.11,16.11,0.29,13
Spire Motorsports,2022,11,1,1,3,5,0.09091,11,0.09091,16.36,19.73,8.73,96
Stacy Holmes,2022,10,0,1,2,5,0.0,10,0.0,24.8,21.5,0.6,6
Steven Lane,2022,22,0,0,1,6,0.0,22,0.0,26.36,22.68,0.0,0
Tim Self,2022,22,0,0,3,8,0.0,24,0.0,22.29,22.96,0.0,0
Timmy Hill,2022,23,0,0,0,11,0.0,30,0.0,28.6,22.5,0.1,3
Trey Hutchens,2022,1,0,0,0,0,0.0,1,0.0,32.0,29.0,0.0,0
Al Niece,2023,23,4,16,21,45,0.17391,68,0.05882,17.06,16.68,4.16,283
Backyard Blues Pools,2023,1,0,0,0,0,0.0,1,0.0,31.0,35.0,0.0,0
Bill McAnally,2023,23,4,13,23,37,0.17391,46,0.08696,10.96,12.48,7.63,351
Bob Jenkins,2023,23,3,11,11,15,0.13043,24,0.125,11.83,14.21,10.38,249
Bruce Cook,2023,1,0,0,0,0,0.0,1,0.0,31.0,34.0,0.0,0
Charlie Henderson,2023,8,0,0,1,2,0.0,8,0.0,21.13,25.38,1.25,10
Chris Larsen,2023,23,0,5,7,12,0.0,23,0.0,16.61,17.57,0.57,13
Codie Rohrbaugh,2023,23,0,1,1,10,0.0,23,0.0,23.96,22.43,0.09,2
David Gilliland,2023,23,3,23,45,77,0.13043,112,0.02679,14.06,15.49,6.34,710
Duke Thorson,2023,23,2,10,26,58,0.08696,80,0.025,17.59,16.06,3.56,285
G2G Racing,2023,11,0,0,0,2,0.0,13,0.0,31.08,30.31,0.0,0
Jennifer Jo Cobb,2023,1,0,0,0,0,0.0,1,0.0,30.0,34.0,0.0,0
Jim Rosenblum,2023,1,0,0,0,0,0.0,1,0.0,30.0,36.0,0.0,0
Josh Reaume,2023,17,0,0,0,2,0.0,25,0.0,31.48,28.72,0.0,0
Kevin Cywinski,2023,20,0,0,1,3,0.0,20,0.0,29.0,25.15,0.0,0
Kyle Busch,2023,23,2,10,21,33,0.08696,46,0.04348,9.91,14.63,4.24,195
Larry Berg,2023,1,0,0,0,0,0.0,1,0.0,28.0,33.0,0.0,0
Maury Gallagher,2023,23,3,9,18,49,0.13043,69,0.04348,14.77,15.77,3.45,238
Max Siegel,2023,23,0,2,12,19,0.0,23,0.0,9.09,13.0,13.43,309
Mike Curb,2023,23,1,8,14,18,0.04348,23,0.04348,5.78,11.52,21.04,484
Norm Benning,2023,2,0,0,0,0,0.0,2,0.0,31.5,26.0,0.0,0
Rackley W.A.R.,2023,23,0,3,13,17,0.0,23,0.0,17.52,14.22,0.7,16
Randy Young,2023,23,0,0,2,12,0.0,65,0.0,28.06,26.15,0.02,1
Roper Racing,2023,16,0,0,1,4,0.0,16,0.0,27.06,24.75,0.06,1
Shigeaki Hattori,2023,23,0,2,8,18,0.0,31,0.0,18.23,18.87,0.48,15
Spire Motorsports,2023,11,1,2,3,8,0.09091,12,0.08333,18.25,17.5,13.08,157
Stacy Holmes,2023,21,0,0,0,8,0.0,21,0.0,24.1,23.05,0.24,5
Steven Lane,2023,17,0,0,1,5,0.0,17,0.0,31.18,23.94,0.0,0
Terry Carroll,2023,4,0,0,0,0,0.0,4,0.0,31.75,29.25,0.0,0
Timmy Hill,2023,22,0,0,1,6,0.0,22,0.0,28.82,22.36,0.09,2
Trey Hutchens,2023,1,0,0,0,0,0.0,1,0.0,30.0,30.0,0.0,0
A&M Premier Roofing,2024,1,0,0,0,1,0.0,1,0.0,30.0,20.0,0.0,0
ARS Construction & Record Rack,2024,1,0,0,0,0,0.0,1,0.0,29.0,26.0,0.0,0
Al Niece,2024,12,1,4,7,20,0.08333,36,0.02778,15.83,18.03,0.94,34
Bill McAnally,2024,12,2,12,24,35,0.16667,48,0.04167,12.6,13.42,12.46,598
Bob Jenkins,2024,12,0,2,3,5,0.0,12,0.0,14.92,20.5,0.08,1
Charlie Henderson,2024,6,0,0,2,5,0.0,6,0.0,25.33,15.67,0.0,0
Chris Larsen,2024,12,0,1,3,9,0.0,12,0.0,11.42,15.67,0.17,2
Codie Rohrbaugh,2024,12,0,2,4,9,0.0,12,0.0,12.58,14.42,2.33,28
David Gilliland,2024,12,4,14,30,45,0.33333,60,0.06667,14.53,13.75,7.83,470
Duke Thorson,2024,12,0,3,10,31,0.0,46,0.0,16.89,17.48,1.22,56
FR8 Factory,2024,2,0,0,0,0,0.0,2,0.0,28.5,30.5,0.0,0
Forgotten Coast K9,2024,1,0,0,0,0,0.0,1,0.0,31.0,35.0,0.0,0
Freedom Warranty,2024,3,0,0,0,1,0.0,3,0.0,30.0,24.67,0.0,0
Jennifer Jo Cobb,2024,1,0,0,0,0,0.0,1,0.0,30.0,32.0,0.0,0
Jim Rosenblum,2024,1,0,0,1,1,0.0,1,0.0,29.0,9.0,0.0,0
Josh Reaume,2024,12,0,0,0,4,0.0,12,0.0,24.92,23.83,0.0,0
Kevin Cywinski,2024,12,0,0,0,1,0.0,12,0.0,31.5,26.58,0.08,1
Lane Moore,2024,12,0,0,0,1,0.0,12,0.0,28.5,28.17,0.0,0
Larry Berg,2024,1,0,0,0,0,0.0,1,0.0,14.0,23.0,0.0,0
Latitude Aero,2024,2,0,0,0,0,0.0,2,0.0,30.0,27.0,0.0,0
Max Siegel,2024,12,2,7,9,12,0.16667,12,0.16667,8.08,7.0,6.0,72
Mike Curb,2024,12,0,5,7,9,0.0,12,0.0,5.17,12.67,20.5,246
Nor-Cal Equipment Rentals,2024,1,0,0,0,0,0.0,1,0.0,32.0,29.0,0.0,0
Rackley W.A.R.,2024,12,0,0,1,6,0.0,14,0.0,20.64,21.21,0.0,0
Randy Young,2024,12,0,0,0,5,0.0,17,0.0,29.47,24.94,0.47,8
Roper Racing,2024,3,0,0,0,0,0.0,3,0.0,30.67,29.0,0.0,0
Scott Osteen,2024,3,0,0,0,0,0.0,3,0.0,28.67,26.67,0.0,0
Spire Motorsports,2024,12,3,8,16,27,0.25,36,0.08333,10.58,13.81,9.22,332
Stacy Holmes,2024,12,0,1,1,6,0.0,12,0.0,24.92,19.0,1.08,13
Terry Carroll,2024,2,0,0,0,0,0.0,2,0.0,33.0,34.0,0.0,0
Tibbetts Lumber,2024,1,0,1,1,1,0.0,1,0.0,31.0,5.0,0.0,0
Timmy Hill,2024,12,0,0,1,6,0.0,12,0.0,27.0,20.08,0.0,0
Tohatsu America,2024,1,0,0,0,0,0.0,1,0.0,28.0,27.0,0.0,0
Trey Hutchens,2024,2,0,0,0,0,0.0,2,0.0,35.0,35.5,0.0,0
