owner,total_races,wins,win_pct,avg_start,best_start,worst_start,avg_finish,best_finish,worst_finish,avg_laps_led,total_laps_led,most_laps_led,avg_points,avg_playoff_pts,total_money,avg_money,max_race_money,min_race_money
A&M Premier Roofing,1,0,0.0,30.0,30,30,20.0,20,20,0.0,0,0,17.0,0.0,0,,,
A.J. Foyt,5,0,0.0,18.8,9,32,26.4,18,35,0.0,0,0,83.8,,32600,6520,12600,2575
ARS Construction & Record Rack,1,0,0.0,29.0,29,29,26.0,26,26,0.0,0,0,11.0,0.0,0,,,
Al Niece,485,9,0.01856,19.13,1,40,19.11,1,40,2.82,1370,141,16.65,0.09,0,,,
Alex Decuir,9,0,0.0,23.11,11,36,26.67,15,36,0.0,0,0,83.0,,17050,1894,2925,1200
Alexander Meshkin,43,2,0.04651,10.91,1,32,14.14,1,32,13.37,575,127,125.93,,649425,15103,54500,6465
All Out Motorsports,24,0,0.0,23.08,9,34,22.25,13,35,0.17,4,2,15.13,0.0,0,,,
Allen Reyen,10,0,0.0,21.1,14,25,23.1,14,34,0.0,0,0,93.7,,74390,7439,11565,4840
Alvin Thompson,1,0,0.0,29.0,29,29,27.0,27,27,0.0,0,0,82.0,,6190,6190,6190,6190
Andy Belmont,1,0,0.0,35.0,35,35,32.0,32,32,0.0,0,0,67.0,,8200,8200,8200,8200
Andy Campbell,12,0,0.0,27.67,17,38,22.83,9,32,0.0,0,0,94.67,,76880,6407,10765,3850
Andy Hillenburg,79,0,0.0,30.82,13,36,28.09,12,36,0.05,4,1,78.99,,734941,9303,15230,5925
Andy Petree,15,2,0.13333,16.73,3,29,16.2,1,36,5.27,79,34,117.67,,178697,11913,35600,5890
Andy Santerre,1,0,0.0,21.0,21,21,16.0,16,16,0.0,0,0,115.0,,8595,8595,8595,8595
Arne Henriksen,3,0,0.0,33.33,29,40,26.33,23,32,0.0,0,0,84.0,,18025,6008,8850,3825
Arnie Mahlik,1,0,0.0,36.0,36,36,20.0,20,20,0.0,0,0,103.0,,8940,8940,8940,8940
Arthur Shelton,2,0,0.0,23.0,22,24,18.0,13,23,0.0,0,0,109.0,,26660,13330,15430,11230
Auggie Vidovich,3,0,0.0,28.0,25,32,25.67,22,30,0.0,0,0,86.0,,16885,5628,6645,4995
B.A. Wilson,17,0,0.0,20.65,7,39,24.06,12,34,0.0,0,0,90.82,,115610,6801,13375,4625
Backyard Blues Pools,1,0,0.0,31.0,31,31,35.0,35,35,0.0,0,0,2.0,0.0,0,,,
Bell Sadler,2,0,0.0,23.5,12,35,9.0,5,13,0.0,0,0,139.5,,6800,3400,4000,2800
Bernie Cox,1,0,0.0,27.0,27,27,26.0,26,26,0.0,0,0,85.0,,3650,3650,3650,3650
Bert Oostlander,4,0,0.0,33.75,33,34,26.25,18,32,0.0,0,0,84.25,,43935,10984,16440,6715
Bill Alger,27,0,0.0,25.52,14,36,25.11,8,36,0.04,1,1,15.33,0.0,221587,9634,15650,7070
Bill Davis,360,24,0.06667,11.32,1,36,14.68,1,36,11.24,4046,246,124.87,,6281848,17450,89650,5145
Bill Elliott,9,0,0.0,12.67,2,23,16.11,4,31,3.78,34,34,116.56,,71725,7969,13000,3875
Bill Kimmel,1,0,0.0,36.0,36,36,21.0,21,21,0.0,0,0,100.0,,8250,8250,8250,8250
Bill McAnally,203,6,0.02956,14.0,1,36,15.07,1,38,5.59,1134,150,29.28,0.23,73050,9131,17440,6125
Bill Stroppe,18,0,0.0,22.61,12,36,23.17,13,38,0.0,0,0,93.5,,57925,3218,8650,1800
Bill Venturini,5,0,0.0,20.4,16,30,17.8,9,29,0.0,0,0,26.2,,79638,15928,18461,12811
Bill Westbrook,1,0,0.0,25.0,25,25,36.0,36,36,0.0,0,0,55.0,,7785,7785,7785,7785
Billy Ballew,365,20,0.05479,15.53,1,36,15.68,1,38,8.67,3165,145,115.91,,5486120,15030,73275,3700
Billy Boat,31,0,0.0,18.03,8,25,19.19,3,32,0.13,4,4,24.84,,441109,14229,36014,8475
Billy Hess,10,1,0.1,12.1,1,31,22.9,1,35,2.1,21,21,96.7,,101865,10187,42150,5050
Billy Kann,3,0,0.0,34.33,33,36,28.67,25,32,0.0,0,0,77.0,,24365,8122,8490,7450
"Billy Ogle, Jr.",1,0,0.0,29.0,29,29,19.0,19,19,0.0,0,0,106.0,,4100,4100,4100,4100
Blaise Alexander,2,0,0.0,20.5,17,24,11.5,9,14,0.0,0,0,129.5,,12425,6213,7075,5350
Bob Best,11,0,0.0,18.36,8,37,16.18,8,31,3.55,39,39,115.18,,59600,5418,12550,3950
Bob Blake,19,0,0.0,27.47,17,37,23.16,11,36,0.0,0,0,93.53,,114337,6018,10700,1650
Bob Brevak,167,0,0.0,25.13,2,39,21.92,3,36,0.0,0,0,97.54,,1193456,7146,15025,2000
Bob Coffey,2,0,0.0,33.0,32,34,33.0,32,34,0.0,0,0,64.0,,14695,7348,7840,6855
Bob Jenkins,104,8,0.07692,11.17,1,36,12.93,1,37,11.53,1199,133,31.03,0.55,0,,,
Bob Jones,1,0,0.0,29.0,29,29,27.0,27,27,0.0,0,0,82.0,,1950,1950,1950,1950
Bob Keselowski,172,8,0.04651,14.78,1,36,14.55,1,36,6.74,1160,178,123.23,,2373757,13801,63675,5365
Bob Newberry,140,0,0.0,14.51,1,35,16.3,2,36,0.94,132,28,22.29,,1788285,12865,42138,6450
Bobby Allison,1,0,0.0,14.0,14,14,7.0,7,7,0.0,0,0,146.0,,3085,3085,3085,3085
Bobby Dotter,305,0,0.0,25.15,2,35,22.77,2,36,0.25,77,11,53.6,,3070494,10888,42625,5790
Bobby Gerhart,3,0,0.0,26.0,24,28,22.67,15,27,0.0,0,0,95.0,,11950,3983,4625,3550
Bobby Hamilton Racing,560,20,0.03571,15.39,1,36,16.6,1,36,5.66,3171,179,115.65,,7381042,13180,86850,4740
"Bobby Hillis, Jr.",2,0,0.0,33.5,32,35,32.5,31,34,0.0,0,0,65.5,,15960,7980,8365,7595
Bobby Sands,2,0,0.0,35.0,34,36,31.5,27,36,0.0,0,0,68.5,,10610,5305,5470,5140
Bow Carpenter,1,0,0.0,34.0,34,34,28.0,28,28,0.0,0,0,79.0,,5575,5575,5575,5575
Boyd Long,6,0,0.0,34.5,27,39,25.33,14,32,0.5,3,3,11.67,0.0,0,,,
Brad Akins / Bob Sutton,20,0,0.0,15.3,2,27,19.45,4,39,3.3,66,66,105.45,,60540,3027,6040,1900
Brad Keselowski,305,11,0.03607,9.86,1,31,10.84,1,32,7.27,2216,150,32.37,0.28,3616934,17389,91804,7150
Brad Queen,1,0,0.0,35.0,35,35,34.0,34,34,0.0,0,0,10.0,,7245,7245,7245,7245
Bradford Miller,3,0,0.0,16.67,14,19,19.67,14,26,0.0,0,0,104.0,,25270,8423,9740,7440
Brent Raymer,43,0,0.0,28.72,20,36,28.02,16,36,0.09,4,3,77.28,,398067,9257,14280,6125
Bruce Cook,2,0,0.0,28.0,25,31,23.0,12,34,0.0,0,0,14.0,0.0,0,,,
Bruce Griffin,13,0,0.0,8.46,1,20,10.62,5,28,0.23,3,3,134.08,,46750,3596,4850,2150
Bryan Hill,8,0,0.0,20.25,13,27,17.88,10,27,0.0,0,0,14.0,0.0,0,,,
Bryan Reffner,2,0,0.0,26.0,16,36,22.0,13,31,0.0,0,0,97.0,,14730,7365,8365,6365
Buddy Morrison,6,0,0.0,27.5,21,36,25.5,18,36,0.17,1,1,86.5,,37365,6228,9750,4240
Carl Hartman,11,0,0.0,27.55,18,36,29.64,18,36,0.45,5,3,75.0,,101659,9242,15280,6930
Carl Long,3,0,0.0,26.33,14,33,23.33,17,27,0.0,0,0,43.33,,25680,8560,9940,5965
Carl Wegner,8,0,0.0,28.13,21,40,23.63,16,33,0.0,0,0,92.13,,51545,6443,11975,3850
Carlos Contreras,16,0,0.0,23.81,1,31,23.0,2,31,6.81,109,109,5.94,,0,,,
Carlos Lira,2,0,0.0,21.5,21,22,20.0,17,23,0.0,0,0,24.0,,31727,15864,16355,15372
Carlos Serrano,3,0,0.0,29.67,27,32,21.0,14,28,0.0,0,0,100.0,,12150,4050,4600,3550
Cary Agajanian,5,0,0.0,23.6,6,36,16.6,2,32,27.8,139,139,117.8,,57070,11414,27200,6540
Cathy Venturini,3,0,0.0,30.33,27,34,31.67,30,34,0.0,0,0,48.33,,13310,4437,7835,1650
Charles Buchanan,1,0,0.0,35.0,35,35,29.0,29,29,0.0,0,0,76.0,,7860,7860,7860,7860
Charles Hardy,53,0,0.0,18.32,4,35,16.19,4,31,0.87,46,14,115.72,,409812,7732,16475,4525
Charles Morgan,1,0,0.0,23.0,23,23,18.0,18,18,0.0,0,0,109.0,,8345,8345,8345,8345
Charles Zahn,1,0,0.0,23.0,23,23,31.0,31,31,0.0,0,0,70.0,,3700,3700,3700,3700
Charlie Bradberry,11,0,0.0,27.36,11,36,28.18,16,36,0.0,0,0,78.45,,74737,6794,10690,5165
Charlie Henderson,98,2,0.02041,21.57,2,40,17.77,1,37,1.21,119,56,21.46,0.18,255933,9479,13241,7035
Chase Mattioli,11,0,0.0,29.27,20,35,29.18,19,35,0.0,0,0,9.18,,96450,8768,10725,5975
Cheryl Cox,2,0,0.0,26.5,24,29,19.5,6,33,0.0,0,0,107.0,,12975,6488,10025,2950
Chris Baluch,72,0,0.0,24.4,10,36,22.6,7,34,0.13,9,2,20.39,,740027,10278,22981,6510
Chris Fontaine,54,0,0.0,24.24,6,36,22.89,7,36,0.43,23,15,40.07,0.0,470346,9799,18939,6292
Chris Lafferty,40,0,0.0,32.03,24,36,31.35,15,36,0.0,0,0,36.15,,329650,8241,12635,6000
Chris Larsen,185,3,0.01622,12.74,1,35,13.94,1,39,4.06,751,93,28.01,0.15,0,,,
Christopher Beckington,19,0,0.0,24.26,10,36,30.37,8,36,0.0,0,0,60.89,,146668,7719,10590,4943
Christopher Long,43,0,0.0,24.93,12,32,24.12,8,36,0.0,0,0,19.16,,564675,13132,19430,7023
Chuck Spicer,3,0,0.0,14.33,1,25,29.33,25,32,38.67,116,116,75.0,,12600,4200,4975,3700
Clarence Brewer,35,0,0.0,22.66,4,34,18.71,7,36,0.0,0,0,107.23,,236320,6752,13950,4540
Clay Greenfield,29,0,0.0,25.62,3,40,23.66,12,35,0.0,0,0,13.83,0.0,0,,,
Codie Rohrbaugh,105,0,0.0,22.94,5,38,22.42,2,39,0.29,30,23,14.87,0.0,0,,,
Corrie Stott,12,0,0.0,31.0,28,36,30.33,22,36,0.0,0,0,49.17,,109200,9100,13280,6865
Courtney Register,3,0,0.0,24.0,18,30,25.67,22,31,0.0,0,0,86.0,,11000,3667,3950,3200
Craig Martins,32,0,0.0,24.91,4,32,24.22,15,33,0.22,7,4,19.59,0.0,43270,8654,11055,6980
Craig Wood,1,0,0.0,35.0,35,35,32.0,32,32,0.0,0,0,67.0,,5240,5240,5240,5240
Curtis Key,86,0,0.0,26.98,10,36,25.05,7,36,0.08,7,6,87.44,,846894,9848,17300,5590
D.J. Copp,50,0,0.0,26.02,14,32,23.2,10,32,0.02,1,1,11.52,0.0,0,,,
Daisy Ramirez,25,0,0.0,32.24,25,36,23.96,10,35,0.16,4,2,78.52,,232590,9304,14075,6850
"Dale Earnhardt, Inc.",126,25,0.19841,7.75,1,28,8.66,1,32,38.27,4822,243,145.87,,2059768,16347,52250,1550
Dale Phelon,106,1,0.00943,16.35,1,35,18.35,1,38,0.86,91,35,109.28,,944133,8907,39165,4825
Dan Higgs,4,0,0.0,28.5,26,31,25.75,19,33,0.0,0,0,85.75,,29730,7433,9615,4690
Dan Obrist,1,0,0.0,28.0,28,28,22.0,22,22,0.0,0,0,97.0,,3950,3950,3950,3950
Dan Press,6,0,0.0,18.83,10,31,21.33,3,33,0.0,0,0,100.83,,32875,5479,12775,3675
Dan Selznick,3,0,0.0,24.33,22,28,18.33,18,19,0.0,0,0,108.0,,24805,8268,11715,6070
Dana Dorman,5,0,0.0,14.6,4,26,21.4,4,36,8.0,40,33,102.0,,48211,9642,15211,4650
Dana White,3,0,0.0,34.33,32,36,31.33,27,35,0.0,0,0,69.0,,25745,8582,9965,7140
Daniel Whitt,32,0,0.0,19.03,6,31,21.41,12,35,0.0,0,0,98.78,,303980,9499,14740,5615
Danny Gill,36,0,0.0,26.28,8,36,26.36,3,36,0.28,10,8,79.92,,347114,9642,36485,5880
Danny McCall,1,0,0.0,28.0,28,28,21.0,21,21,0.0,0,0,100.0,,5790,5790,5790,5790
Darrell Waltrip,200,4,0.02,13.94,1,35,16.23,1,36,5.17,1033,204,116.76,,2319048,11595,52110,1450
Darren Shaw,6,0,0.0,26.33,21,35,21.0,15,32,0.0,0,0,100.0,,50790,8465,10840,6415
Dave Goulet,1,0,0.0,27.0,27,27,22.0,22,22,0.0,0,0,97.0,,5025,5025,5025,5025
Dave Malcolmson,92,0,0.0,21.41,2,36,18.4,2,35,0.27,25,16,108.86,,1095084,11903,35675,5565
David Dollar,257,10,0.03891,16.07,1,36,16.25,1,36,4.2,1080,177,117.07,,3554175,13829,83000,3850
David Ervin,1,0,0.0,36.0,36,36,26.0,26,26,0.0,0,0,85.0,,7950,7950,7950,7950
David Froehlich,1,0,0.0,31.0,31,31,28.0,28,28,0.0,0,0,79.0,,8140,8140,8140,8140
David Fuge,82,3,0.03659,17.94,1,35,17.48,1,36,3.21,263,43,113.34,,1148072,14001,72850,5890
David Gilliland,425,11,0.02588,15.73,1,39,16.73,1,39,3.68,1564,82,21.3,0.14,0,,,
David Hodson,175,3,0.01714,14.81,1,36,15.03,1,37,6.66,1165,198,121.42,,1991505,11380,44585,3750
David Melton,1,0,0.0,31.0,31,31,26.0,26,26,0.0,0,0,18.0,,7300,7300,7300,7300
DeWilton Genzman,6,0,0.0,27.17,19,33,20.33,11,32,0.33,2,2,102.83,,36545,6091,13050,4150
Del Markle,1,0,0.0,25.0,25,25,35.0,35,35,0.0,0,0,58.0,,4750,4750,4750,4750
Dennis Hannel,1,0,0.0,32.0,32,32,35.0,35,35,0.0,0,0,58.0,,4515,4515,4515,4515
Dennis Sockwell,16,0,0.0,25.75,22,29,23.25,11,35,0.0,0,0,88.88,,135940,8496,13615,5265
Derrike Cope,19,0,0.0,32.95,21,36,30.05,11,36,0.0,0,0,53.26,,191093,10058,15305,6235
Devin Jones,1,0,0.0,26.0,26,26,24.0,24,24,0.0,0,0,20.0,,10725,10725,10725,10725
Dick Greenfield,11,0,0.0,19.09,3,30,17.82,6,29,0.0,0,0,110.27,,70635,6421,10000,4900
Doc MacDonald,105,0,0.0,24.65,6,38,22.9,6,36,0.05,5,5,94.41,,979810,9332,17225,5460
Dominic Dobson,23,0,0.0,24.48,3,36,26.39,10,35,0.87,20,10,83.87,,142625,6483,13750,4675
Don Arnold,10,0,0.0,18.6,7,32,30.9,24,36,0.0,0,0,70.3,,88313,8831,12140,5845
Don Fauerbach,1,0,0.0,31.0,31,31,23.0,23,23,0.0,0,0,94.0,,8165,8165,8165,8165
"Don Ling, Sr.",3,0,0.0,28.33,21,33,31.33,27,38,0.0,0,0,69.0,,14845,4948,5770,4350
Don VanDenBos,3,0,0.0,22.33,14,28,27.67,17,36,0.0,0,0,80.0,,22475,7492,12250,4675
Donald Long,21,0,0.0,18.9,5,32,24.57,11,36,0.1,2,2,31.29,,200348,9540,13425,6150
Donald Reynolds,1,0,0.0,35.0,35,35,26.0,26,26,0.0,0,0,18.0,,7200,7200,7200,7200
Donald Stout,19,0,0.0,32.37,24,36,29.05,19,35,0.0,0,0,75.84,,156690,8247,12050,5910
Donald Thompson,1,0,0.0,26.0,26,26,21.0,21,21,0.0,0,0,100.0,,8140,8140,8140,8140
Doug Hoelzle,1,0,0.0,30.0,30,30,25.0,25,25,0.0,0,0,88.0,,5915,5915,5915,5915
Doug Keller,15,0,0.0,30.0,24,36,24.13,17,30,0.0,0,0,90.6,,129815,8654,12190,5090
Doug Stringer,21,0,0.0,19.57,6,32,19.48,8,29,0.0,0,0,100.1,,197435,9402,11350,7675
Doug Thompson,3,0,0.0,31.0,30,32,23.67,18,34,0.0,0,0,92.0,,27470,9157,10315,8365
"Doug Thorpe, Jr.",1,0,0.0,28.0,28,28,25.0,25,25,0.0,0,0,88.0,,3650,3650,3650,3650
Duane Bischoff,1,0,0.0,34.0,34,34,25.0,25,25,0.0,0,0,88.0,,8455,8455,8455,8455
Duke Thorson,1287,28,0.02176,13.83,1,39,14.37,1,40,3.95,5088,138,59.95,0.18,8718184,13090,63500,3825
Dustin Hapka,1,0,0.0,33.0,33,33,27.0,27,27,0.0,0,0,17.0,,7275,7275,7275,7275
Dwayne Gaulding,54,0,0.0,23.04,3,34,25.85,3,36,1.87,101,86,86.35,,586636,10864,23965,6280
Dwayne Tatman,3,0,0.0,31.67,31,32,24.0,20,28,0.0,0,0,34.33,,23970,7990,8180,7880
Earl Barban,3,0,0.0,19.33,8,36,9.0,4,15,0.67,2,2,140.0,,10275,3425,4350,2875
Ed Rensi,46,0,0.0,17.96,2,34,15.91,2,36,0.41,19,9,117.04,,510270,11093,36555,5290
Ed Scherer,24,0,0.0,25.21,9,37,24.88,12,40,0.0,0,0,88.38,,154350,6431,11225,4350
Ed Sutton,55,0,0.0,29.22,7,36,27.4,15,36,0.02,1,1,80.89,,479442,8717,15960,5120
Eddie Sharp,116,2,0.01724,13.92,1,36,15.94,1,35,1.89,219,55,30.99,,1446635,12471,45025,6325
Edward Asbury,6,0,0.0,23.0,10,36,25.33,14,35,0.0,0,0,18.67,,48075,8013,10550,7000
Ernest Winslow,1,0,0.0,22.0,22,22,26.0,26,26,0.0,0,0,85.0,,1800,1800,1800,1800
Eugene Hieber,1,0,0.0,36.0,36,36,22.0,22,22,0.0,0,0,97.0,,5975,5975,5975,5975
FR8 Factory,2,0,0.0,28.5,27,30,30.5,30,31,0.0,0,0,6.5,0.0,0,,,
Faith Motorsports,4,0,0.0,25.25,24,27,20.75,17,25,0.0,0,0,3.0,0.0,0,,,
Felix Sabates,8,0,0.0,8.75,2,21,10.0,3,25,0.0,0,0,136.5,,55895,6987,10995,3950
Forgotten Coast K9,1,0,0.0,31.0,31,31,35.0,35,35,0.0,0,0,2.0,0.0,0,,,
Frank Cioppettini,1,0,0.0,31.0,31,31,22.0,22,22,0.0,0,0,97.0,,5565,5565,5565,5565
Fred Horn,28,0,0.0,23.96,5,37,25.46,14,37,0.11,3,3,86.79,,241080,8610,12490,6020
Freedom Warranty,3,0,0.0,30.0,30,30,24.67,19,30,0.0,0,0,12.33,0.0,0,,,
G.T. Tallas,2,0,0.0,29.0,22,36,28.0,22,34,0.0,0,0,79.0,,3250,1625,1850,1400
G2G Racing,31,0,0.0,31.16,24,36,30.13,17,36,0.0,0,0,5.68,0.0,0,,,
Gary Adrian,7,0,0.0,19.86,12,26,15.0,7,30,0.0,0,0,17.14,,58705,8386,9050,7750
Gary Higgs,1,0,0.0,15.0,15,15,27.0,27,27,0.0,0,0,82.0,,5300,5300,5300,5300
Gary Keller,2,0,0.0,24.5,20,29,18.5,14,23,0.0,0,0,60.5,,14630,7315,7365,7265
Gary Miller,1,0,0.0,36.0,36,36,36.0,36,36,0.0,0,0,55.0,,3150,3150,3150,3150
Gaunt Brothers,1,0,0.0,17.0,17,17,14.0,14,14,0.0,0,0,0.0,0.0,0,,,
Gene Christensen,255,0,0.0,25.76,3,36,23.95,4,36,0.4,102,84,85.94,,2456235,9632,20950,5072
Gene Haas,9,1,0.11111,8.22,1,28,10.0,1,29,16.67,150,148,33.56,,149561,16618,48120,7050
Gene Marquardt,1,0,0.0,24.0,24,24,16.0,16,16,0.0,0,0,115.0,,5325,5325,5325,5325
Gene Price,4,0,0.0,13.0,6,16,21.5,8,33,0.0,0,0,83.5,,32400,8100,8925,7425
Geoffrey Bodine,78,3,0.03846,14.88,1,36,14.63,1,39,3.58,279,97,122.0,,624261,8003,44550,1450
George Bragg,6,0,0.0,19.17,15,23,19.0,4,34,2.67,16,16,15.83,,72260,12043,20185,8375
George Debidart,49,0,0.0,15.88,2,35,20.31,3,36,0.8,39,34,103.08,,500388,10212,24415,5190
George Starr,1,0,0.0,33.0,33,33,36.0,36,36,0.0,0,0,55.0,,10490,10490,10490,10490
Gerald Voyles,1,0,0.0,19.0,19,19,13.0,13,13,0.0,0,0,124.0,,5400,5400,5400,5400
Germain Racing,357,22,0.06162,14.21,1,36,13.61,1,36,6.62,2364,117,106.24,,6413298,17964,96850,5940
Gina Cope,4,0,0.0,19.5,17,23,26.25,19,31,0.0,0,0,84.25,,15575,3894,4100,3675
Greg Pollex,75,1,0.01333,16.88,1,35,15.19,1,35,3.31,248,78,120.33,,981220,13083,55450,5900
Greg Sarff,1,0,0.0,33.0,33,33,33.0,33,33,0.0,0,0,64.0,,5515,5515,5515,5515
Greg Turnage,9,0,0.0,17.33,5,34,25.67,12,35,0.0,0,0,86.0,,36750,4083,4775,3700
Grier Lackey,42,0,0.0,10.93,1,31,15.81,2,36,4.17,175,103,117.88,,266710,6350,26135,1400
Harold Steele,13,0,0.0,22.62,1,29,19.0,9,30,3.46,45,45,106.54,,86645,6665,8300,4965
Harry Brix,5,0,0.0,26.4,16,37,29.2,17,36,0.0,0,0,75.4,,25525,5105,5875,4050
Harry Davis,2,0,0.0,25.5,23,28,25.0,18,32,0.0,0,0,88.0,,16960,8480,9680,7280
Harry Johnson,7,0,0.0,29.43,22,35,24.57,17,30,0.0,0,0,89.29,,27800,3971,4200,3675
Harry Ranier,3,0,0.0,18.0,4,36,14.0,9,22,0.0,0,0,121.67,,21850,7283,9300,6075
Howard Bixman,2,0,0.0,26.5,26,27,27.5,24,31,0.0,0,0,80.5,,19155,9578,11090,8065
Howard Carpenter,2,0,0.0,30.5,28,33,19.0,14,24,0.0,0,0,106.0,,14030,7015,7115,6915
J.L. Pennington,23,0,0.0,31.74,24,36,27.74,19,35,0.0,0,0,79.78,,215210,9357,13350,6600
JR Motorsports,38,2,0.05263,9.05,1,24,11.82,1,29,12.34,469,111,21.24,,310182,20679,48454,10964
Jack Green,4,0,0.0,25.5,16,36,30.75,20,35,0.0,0,0,56.25,,33075,8269,10450,7350
Jack Roush,712,50,0.07022,11.25,1,35,12.75,1,36,8.55,6086,192,129.86,,11121687,15620,88850,3050
Jake Crum,9,0,0.0,23.89,16,28,26.67,13,33,0.0,0,0,17.33,,72950,8106,10650,7150
James Bailey,3,0,0.0,23.67,16,29,27.67,26,31,0.0,0,0,80.0,,19320,6440,7140,5340
James Blankenbaker,1,0,0.0,28.0,28,28,32.0,32,32,0.0,0,0,67.0,,8900,8900,8900,8900
James Buford,3,0,0.0,17.67,5,31,24.33,18,32,0.0,0,0,90.0,,15320,5107,5325,4970
James Burr,5,0,0.0,29.6,25,36,24.2,15,34,0.0,0,0,78.2,,41275,8255,11365,5440
James Finch,1,0,0.0,6.0,6,6,28.0,28,28,0.0,0,0,79.0,,5575,5575,5575,5575
James Harris,205,0,0.0,18.66,1,36,17.56,2,36,0.9,185,108,111.34,,2411472,11763,39440,5465
James Liguori,37,0,0.0,27.3,19,36,26.46,13,36,0.0,0,0,74.76,,315160,8518,15865,5100
James Lynch,7,0,0.0,26.86,13,35,26.0,16,33,0.0,0,0,85.0,,65215,9316,15010,6725
James Murphy,16,0,0.0,31.31,24,36,27.0,19,35,0.0,0,0,82.0,,140240,8765,15065,5265
Jason Little,27,0,0.0,16.52,5,32,17.15,6,32,0.07,2,2,23.37,0.0,59698,14925,16710,13932
Jason Small,3,0,0.0,23.33,21,27,18.0,10,23,0.0,0,0,109.33,,29330,9777,14400,7165
Jason White,22,0,0.0,16.55,2,28,15.41,2,33,3.0,66,29,28.86,,281085,12777,32315,7325
Jay Miller,1,0,0.0,33.0,33,33,29.0,29,29,0.0,0,0,76.0,,6225,6225,6225,6225
Jay Robinson,120,0,0.0,24.92,2,32,21.27,5,31,0.08,9,2,13.61,0.0,333707,15169,19137,11674
Jay Stewart,2,0,0.0,36.0,35,37,32.0,29,35,0.0,0,0,67.0,,12165,6083,8325,3840
Jeff Bolen,31,0,0.0,21.77,5,31,18.52,7,32,0.13,4,3,10.03,0.0,0,,,
Jeff Finley,8,0,0.0,20.5,12,30,22.63,6,30,0.0,0,0,11.63,0.0,0,,,
Jeff Milburn,5,0,0.0,34.0,31,36,31.6,27,36,0.0,0,0,57.2,,33325,8331,10525,7335
Jeff Russell,3,0,0.0,26.0,25,28,26.0,22,32,0.0,0,0,85.0,,24810,8270,9250,6590
Jeff Sinden,3,0,0.0,24.67,18,29,26.67,19,31,0.0,0,0,83.0,,5250,1750,2050,1550
Jeff Spraker,3,0,0.0,28.67,24,35,27.33,26,28,0.0,0,0,81.0,,20835,6945,9315,5375
Jeff Wyler,142,3,0.02113,13.52,1,32,14.97,1,36,3.51,499,133,120.55,,2048109,14423,93375,5840
Jennifer Jo Cobb,324,0,0.0,29.64,11,40,27.17,6,38,0.07,23,16,17.38,0.0,1602225,9830,19400,6275
Jerry Brown,23,0,0.0,22.78,9,32,22.74,4,32,0.0,0,0,14.39,0.0,84124,10516,16339,7275
Jerry Churchill,10,0,0.0,24.1,14,29,18.2,10,26,0.0,0,0,108.5,,27150,2715,3475,1625
Jerry Glanville,28,0,0.0,26.07,9,34,22.71,14,36,0.0,0,0,94.86,,112940,4034,8350,1225
Jerry Gunderman,3,0,0.0,18.33,14,22,18.67,14,23,0.0,0,0,107.0,,17525,5842,5975,5625
Jerry Hill,4,0,0.0,31.5,24,36,22.75,17,27,0.0,0,0,94.75,,37710,9428,12090,6290
Jerry Lawrence,2,0,0.0,30.5,27,34,32.5,32,33,0.0,0,0,65.5,,11750,5875,6550,5200
Jerry Miller,5,0,0.0,32.8,30,36,31.6,23,36,0.0,0,0,68.2,,44535,8907,10115,7790
Jerry Mueller,3,0,0.0,28.67,25,32,24.0,20,27,0.0,0,0,91.0,,19070,6357,7925,5545
Jerry Reary,2,0,0.0,35.0,34,36,30.0,29,31,0.0,0,0,73.0,,17615,8808,9255,8360
Jerry Spilsbury,2,0,0.0,30.5,30,31,27.0,21,33,0.0,0,0,82.0,,14330,7165,7315,7015
Jerry Wharton,25,0,0.0,17.44,3,31,23.28,5,36,2.12,53,21,93.44,,166090,6644,13475,4140
Jesse Little,2,0,0.0,12.5,12,13,19.0,18,20,0.0,0,0,14.0,,0,,,
Jim Clark,13,0,0.0,20.08,3,37,20.54,4,35,0.08,1,1,102.31,,100290,7715,13450,4825
Jim Collier,1,0,0.0,30.0,30,30,28.0,28,28,0.0,0,0,79.0,,5340,5340,5340,5340
Jim Dean,2,0,0.0,24.0,18,30,24.5,15,34,0.0,0,0,89.5,,14730,7365,8290,6440
Jim Herrick,136,3,0.02206,15.47,1,37,15.52,1,40,3.1,421,81,119.13,,1229300,9039,58950,1900
Jim Inglebright,17,0,0.0,16.88,6,34,19.59,8,31,0.0,0,0,104.41,,143115,8419,12490,6915
Jim Mattei,1,0,0.0,21.0,21,21,35.0,35,35,0.0,0,0,58.0,,7785,7785,7785,7785
Jim Mills,3,0,0.0,34.67,34,35,31.67,24,36,0.0,0,0,48.67,,16595,5532,6190,5165
Jim Rosenblum,72,0,0.0,29.06,15,40,24.76,8,39,0.04,3,2,51.36,0.0,361665,7381,16798,2100
Jim Smith,421,36,0.08551,10.14,1,37,11.61,1,37,18.18,7653,207,135.36,,6911033,16416,80099,1200
Jim Spicuzza,19,0,0.0,20.79,9,35,16.68,7,32,0.0,0,0,113.58,,60075,3162,5750,1900
Jim Venable,44,0,0.0,18.18,2,33,15.07,4,33,1.27,56,56,119.11,,220450,5010,12450,1425
Jimmy Davis,1,0,0.0,32.0,32,32,33.0,33,33,0.0,0,0,64.0,,3100,3100,3100,3100
Jimmy Dick,16,0,0.0,27.69,19,36,22.81,16,30,0.0,0,0,74.13,,123335,7708,11350,1750
Jimmy Spencer,1,0,0.0,3.0,3,3,15.0,15,15,14.0,14,14,123.0,,8420,8420,8420,8420
Jody McCormick,1,0,0.0,28.0,28,28,32.0,32,32,0.0,0,0,67.0,,7025,7025,7025,7025
Joe Ambrose,3,0,0.0,29.67,24,36,29.0,21,35,0.0,0,0,76.0,,16250,5417,6175,4825
Joe Bessey,2,0,0.0,8.5,4,13,22.0,6,38,0.0,0,0,99.5,,8125,4063,6475,1650
Joe Dennette,58,0,0.0,16.55,1,34,17.71,2,33,2.9,168,53,24.74,,642010,11069,21965,6000
Joe Gaita,5,0,0.0,26.4,14,32,29.0,21,36,0.0,0,0,76.0,,29300,5860,8785,4715
Joe Gibbs,65,0,0.0,19.11,2,33,16.51,2,36,1.58,103,53,115.85,,713785,10981,41525,5215
Joe Horner,13,0,0.0,18.54,3,39,26.15,13,35,0.0,0,0,84.54,,81355,6258,12525,3150
Joe Jenkins III,1,0,0.0,31.0,31,31,29.0,29,29,0.0,0,0,76.0,,5425,5425,5425,5425
Joe Madore,2,0,0.0,28.5,25,32,22.0,19,25,0.0,0,0,97.0,,8125,4063,4375,3750
Joe Nemechek,214,7,0.03271,16.21,1,38,17.18,1,37,3.22,689,104,29.04,0.09,957468,13678,46978,1475
Joe Scott,50,1,0.02,15.56,2,35,15.0,1,35,1.72,86,29,121.88,,799553,15991,63175,7985
Joey Arrington,18,0,0.0,22.28,16,34,18.22,10,33,0.17,3,3,25.83,,195950,10886,15350,7125
Joey Cefalia,5,0,0.0,30.8,25,35,28.6,25,31,0.0,0,0,15.4,,40120,8024,10300,7210
Joey Sonntag,84,0,0.0,25.81,5,36,25.56,9,36,0.35,29,14,81.57,,680575,8102,13490,4690
John Bailey,2,0,0.0,24.0,15,33,23.0,22,24,0.0,0,0,94.0,,12805,6403,7215,5590
John Blewett,2,0,0.0,20.5,16,25,31.5,30,33,0.0,0,0,68.5,,10370,5185,5770,4600
John Borneman,2,0,0.0,32.0,31,33,28.0,23,33,0.0,0,0,79.0,,11015,5508,9815,1200
John Conely,45,0,0.0,25.78,8,36,22.71,3,36,0.16,7,4,93.89,,349515,7767,19525,4690
John Corr,12,0,0.0,24.08,17,33,24.25,16,33,0.0,0,0,18.58,,130107,10842,16317,7035
John King,1,0,0.0,19.0,19,19,28.0,28,28,0.0,0,0,16.0,,8400,8400,8400,8400
John Menard,32,1,0.03125,11.56,1,30,11.47,1,35,4.69,150,50,128.59,,443665,13865,70485,7515
John Nemechek,27,0,0.0,17.33,6,31,18.93,7,36,0.0,0,0,106.41,,164027,6075,11100,4800
John Redding,9,0,0.0,19.89,13,32,21.33,12,35,0.0,0,0,99.0,,22200,2467,3400,1650
John Young,4,0,0.0,25.0,22,28,29.0,23,33,0.0,0,0,76.0,,29420,7355,10365,5420
Johnny Dangerfield,1,0,0.0,21.0,21,21,31.0,31,31,0.0,0,0,70.0,,7485,7485,7485,7485
Jordan Anderson,95,0,0.0,23.96,7,36,21.88,2,37,0.06,6,2,14.52,0.0,0,,,
Josh Reaume,236,0,0.0,29.54,7,40,26.52,4,40,0.01,3,1,9.28,0.0,0,,,
Judith Ann Midgley,3,0,0.0,31.67,29,35,26.67,24,28,0.0,0,0,83.0,,24495,8165,9340,6490
K.D. Moore,1,0,0.0,30.0,30,30,35.0,35,35,0.0,0,0,9.0,,7245,7245,7245,7245
Kart Idaho Racing,1,0,0.0,25.0,25,25,16.0,16,16,0.0,0,0,21.0,0.0,0,,,
Ken Davis,2,0,0.0,35.5,35,36,20.5,19,22,0.0,0,0,101.5,,13670,6835,8190,5480
Ken Hunt,2,0,0.0,28.0,21,35,18.0,17,19,0.5,1,1,0.0,,13180,6590,7390,5790
Ken Schrader,173,1,0.00578,15.65,1,36,16.65,1,38,2.13,369,61,111.68,,1522457,8800,38740,1400
Ken Small,2,0,0.0,21.5,19,24,26.5,24,29,0.0,0,0,83.5,,15380,7690,8490,6890
Ken Smith,136,0,0.0,24.18,2,35,25.1,3,36,0.28,38,17,58.28,,1347688,9909,27339,6010
Ken Weaver,11,0,0.0,29.18,19,35,25.73,15,34,0.0,0,0,74.73,,96975,8816,11415,5265
Kenneth Appling,1,0,0.0,27.0,27,27,32.0,32,32,0.0,0,0,67.0,,4600,4600,4600,4600
Kenneth Brown,2,0,0.0,15.5,13,18,25.5,19,32,0.0,0,0,86.5,,10320,5160,5495,4825
Kenny Allen,50,0,0.0,26.88,7,39,22.3,10,38,0.0,0,0,96.12,,238967,4779,10800,1600
Kenny Habul,1,0,0.0,32.0,32,32,26.0,26,26,0.0,0,0,0.0,,9350,9350,9350,9350
Kenny Yontz,4,0,0.0,33.25,30,36,31.5,28,36,0.0,0,0,49.5,,28210,7053,8165,5965
Kerry Scherer,1,0,0.0,30.0,30,30,33.0,33,33,0.0,0,0,64.0,,5975,5975,5975,5975
Kevin Banning,7,0,0.0,23.43,16,30,23.29,12,35,0.0,0,0,93.14,,55365,7909,9770,6040
Kevin Buckler,55,1,0.01818,21.04,4,34,19.65,1,36,0.33,18,17,105.42,,669878,12180,45500,7135
Kevin Cywinski,61,0,0.0,25.39,3,36,23.59,7,36,0.02,1,1,16.52,0.0,303298,10459,15725,6350
Kevin Doran,21,0,0.0,21.33,7,39,24.48,11,34,0.0,0,0,89.57,,123870,5899,13250,1400
Kevin Grubb,4,0,0.0,14.25,6,22,19.25,11,35,0.0,0,0,105.25,,20650,5163,6825,3750
Kevin Harvick,373,43,0.11528,9.28,1,36,10.89,1,35,19.45,7256,187,113.25,,7102938,19043,84875,6050
Kevin Jones,2,0,0.0,30.5,25,36,28.0,27,29,0.0,0,0,79.0,,12080,6040,6765,5315
Kim Hansen,1,0,0.0,34.0,34,34,29.0,29,29,0.0,0,0,76.0,,9215,9215,9215,9215
Kurt Roehrig,93,4,0.04301,12.69,1,36,15.72,1,36,6.8,632,182,119.03,,859266,9239,56400,1925
Kyle Busch,822,100,0.12165,8.88,1,37,11.27,1,40,17.01,13980,176,29.62,0.37,5568864,20549,70870,6205
Lance Hooper,15,0,0.0,23.67,17,32,30.27,24,33,0.27,4,4,72.53,,112100,7473,11090,5040
Lane Moore,12,0,0.0,28.5,10,35,28.17,18,36,0.0,0,0,8.83,0.0,0,,,
Larry Berg,2,0,0.0,21.0,14,28,28.0,23,33,0.0,0,0,9.0,0.0,0,,,
Larry Carnes,20,0,0.0,29.95,18,36,25.7,16,35,0.0,0,0,85.9,,76295,3815,6940,2075
Larry Norfleet,1,0,0.0,33.0,33,33,32.0,32,32,0.0,0,0,67.0,,7570,7570,7570,7570
Larry Richardson,20,0,0.0,32.15,22,36,31.3,20,36,0.2,4,4,60.6,,173689,8684,11940,5620
Latitude Aero,2,0,0.0,30.0,27,33,27.0,22,32,0.0,0,0,10.0,0.0,0,,,
Linda Mountanos,25,0,0.0,16.28,1,32,18.36,5,31,0.0,0,0,108.48,,83620,3345,6070,1750
Logan Puckett,8,0,0.0,32.38,26,37,25.25,20,35,0.0,0,0,0.0,0.0,0,,,
Lonnie Troxell,75,0,0.0,29.01,12,36,28.8,15,36,0.0,0,0,72.55,,613784,8184,13865,4494
Lou Gigliotti,2,0,0.0,27.5,27,28,23.0,20,26,0.0,0,0,94.0,,7750,3875,5450,2300
Lou Goss,2,0,0.0,31.0,30,32,24.0,17,31,0.0,0,0,13.0,0.0,0,,,
Malik Ibrahim,1,0,0.0,36.0,36,36,28.0,28,28,0.0,0,0,79.0,,7335,7335,7335,7335
Margaret Lind,1,0,0.0,31.0,31,31,30.0,30,30,0.0,0,0,0.0,,14458,14458,14458,14458
Mario Gosselin,73,0,0.0,24.66,8,36,25.95,6,36,0.07,5,2,77.93,,726252,9949,18380,5925
Marion Collins,4,0,0.0,16.75,14,19,17.75,10,21,0.0,0,0,110.0,,10775,2694,3250,2075
Marion Lawson,1,0,0.0,33.0,33,33,33.0,33,33,0.0,0,0,64.0,,5250,5250,5250,5250
Mark Beaver,143,0,0.0,26.94,12,36,24.41,5,36,0.07,10,3,15.44,0.0,899210,11382,18330,6175
Mark Cram,28,0,0.0,30.25,23,38,26.11,10,39,0.07,2,1,11.21,0.0,0,,,
Mark Rette,7,0,0.0,20.43,15,24,20.57,8,31,0.0,0,0,20.29,0.0,40923,13641,15607,12106
Mark Simo,120,3,0.025,13.7,1,36,15.08,1,38,4.46,535,76,120.63,,1038336,8653,46200,1450
Marshall Chesrown,110,3,0.02727,15.56,2,35,13.7,1,36,2.68,295,72,124.75,,949748,8634,48175,1425
Marty Walsh,35,0,0.0,26.83,8,36,25.51,12,36,0.0,0,0,86.46,,276465,7899,13015,4970
Mary Ward,23,0,0.0,26.7,17,35,22.48,13,34,0.0,0,0,87.52,,226145,9832,14415,4540
Mason Mitchell,1,0,0.0,18.0,18,18,16.0,16,16,0.0,0,0,28.0,,11675,11675,11675,11675
Matt Lofton,3,0,0.0,24.33,21,27,28.33,23,31,0.0,0,0,4.33,,21700,7233,8375,6425
Matt Stowe,3,0,0.0,22.33,14,36,24.0,17,32,0.0,0,0,91.0,,26740,8913,10415,6635
Matthew Miller,26,1,0.03846,14.88,2,30,13.69,1,32,0.54,14,11,7.73,0.0,0,,,
Maurice Petty,8,0,0.0,18.63,9,27,21.88,10,34,0.0,0,0,97.5,,64205,8026,11070,5265
Maury Gallagher,727,45,0.0619,11.49,1,36,13.62,1,40,7.54,5478,189,26.93,0.44,1338588,15211,51387,6550
Max Siegel,35,2,0.05714,8.74,1,35,10.94,1,30,10.89,381,168,33.06,0.43,0,,,
Michael Cohen,1,0,0.0,34.0,34,34,30.0,30,30,0.0,0,0,73.0,,5420,5420,5420,5420
Michael Gaughan,173,9,0.05202,17.3,1,36,14.91,1,36,5.34,923,112,122.3,,2540836,14687,63700,5915
Michael McSwain,1,0,0.0,29.0,29,29,19.0,19,19,0.0,0,0,106.0,,8240,8240,8240,8240
Michael Peck,15,0,0.0,29.0,23,34,27.73,20,33,0.0,0,0,14.67,0.0,132578,9470,15241,7010
Michael Waltrip,8,0,0.0,17.63,2,31,18.88,4,35,0.0,0,0,109.0,,75415,9427,25350,4600
Mike Addington,123,5,0.04065,11.4,1,32,10.93,1,35,4.61,567,117,136.24,,1821073,14805,59665,5545
Mike Affarano,8,0,0.0,28.13,18,33,28.0,24,31,0.13,1,1,4.0,0.0,74608,10658,13072,6564
Mike Albernaz,43,0,0.0,27.65,13,35,25.21,8,36,0.33,14,9,87.79,,313155,7283,12541,4490
Mike Allgaier,1,0,0.0,29.0,29,29,20.0,20,20,0.0,0,0,24.0,,7950,7950,7950,7950
Mike Borkowski,1,0,0.0,29.0,29,29,22.0,22,22,0.0,0,0,97.0,,5870,5870,5870,5870
Mike Clark,6,0,0.0,28.0,19,33,29.17,21,37,0.0,0,0,75.5,,38935,6489,13075,4970
Mike Colabucci,7,0,0.0,19.57,12,26,23.71,9,32,0.0,0,0,92.14,,39125,5589,11500,3750
Mike Curb,360,17,0.04722,9.87,1,34,10.63,1,36,7.74,2787,179,47.59,0.32,3017673,18289,73310,6350
Mike Farris,46,0,0.0,16.76,1,36,18.28,2,39,1.89,87,32,110.41,,468505,10185,46100,5145
Mike Harmon,75,0,0.0,29.57,21,36,27.79,13,36,0.01,1,1,7.77,0.0,604953,10253,18697,6710
Mike Harvick,5,0,0.0,17.8,7,27,26.8,11,35,0.0,0,0,82.6,,16250,3250,4500,1450
Mike Hillman,44,0,0.0,24.84,7,36,24.18,8,36,0.5,22,22,15.5,,430295,9779,16425,6425
Mike Hurlbert,23,0,0.0,29.74,18,40,26.52,16,34,0.0,0,0,83.43,,71025,3088,4675,1400
Mike Mittler,301,0,0.0,26.3,1,38,25.84,2,36,0.51,154,102,46.38,0.0,2186956,9267,27697,1450
Mike Rose,3,0,0.0,23.0,20,26,22.67,19,25,0.0,0,0,95.0,,14775,4925,4975,4825
Mike Skinner,4,0,0.0,12.0,5,30,14.5,5,26,1.0,4,4,122.0,,36060,9015,11050,4875
Mike Starr,3,0,0.0,26.67,24,32,25.33,18,29,0.0,0,0,87.0,,24115,8038,10315,6835
Mike Thompson,2,0,0.0,25.5,23,28,30.0,23,37,0.0,0,0,73.0,,11675,5838,6050,5625
Milan Garrett,9,0,0.0,30.22,24,36,28.89,18,35,0.0,0,0,76.33,,49220,5469,7845,4205
Milo Januska,3,0,0.0,30.33,26,37,26.0,12,37,0.0,0,0,85.0,,12725,4242,4500,3825
Morgan Shepherd,44,0,0.0,22.61,14,32,29.73,17,36,0.5,22,15,64.45,,336825,7655,13340,5365
Mueller Brothers,4,0,0.0,15.25,9,26,19.25,10,26,0.0,0,0,105.5,,17600,4400,5575,3925
Neil Chaffin,2,0,0.0,22.0,21,23,31.5,31,32,0.0,0,0,68.5,,13375,6688,7840,5535
NextGen Motorsports,2,0,0.0,22.5,22,23,17.0,15,19,0.0,0,0,21.5,0.0,0,,,
Nor-Cal Equipment Rentals,1,0,0.0,32.0,32,32,29.0,29,29,0.0,0,0,8.0,0.0,0,,,
Norm Benning,269,0,0.0,31.49,13,40,26.6,12,40,0.0,0,0,27.81,0.0,1670028,9709,19171,5985
Pat Wall,2,0,0.0,11.0,9,13,25.0,16,34,0.0,0,0,57.5,,15975,7988,8535,7440
Patrick Rodenbeck,3,0,0.0,28.33,23,36,31.0,29,32,0.0,0,0,70.0,,22200,7400,7800,6975
Paul Brown,1,0,0.0,30.0,30,30,34.0,34,34,0.0,0,0,61.0,,6340,6340,6340,6340
Peter Prescott,11,0,0.0,20.09,8,34,20.64,11,29,0.36,4,4,101.55,,83130,7557,9615,5690
Petty Enterprises,183,2,0.01093,14.98,1,34,14.18,1,34,5.3,970,200,122.57,,1827929,9989,40250,2625
Phil Bonifield,78,0,0.0,29.21,13,36,28.71,12,39,0.0,0,0,70.63,,642817,8241,15065,4575
Rackley W.A.R.,84,1,0.0119,18.48,3,36,18.19,1,38,0.25,21,11,17.37,0.06,0,,,
Randy MacDonald,1,0,0.0,32.0,32,32,37.0,37,37,0.0,0,0,52.0,,1650,1650,1650,1650
Randy Moss,119,3,0.02521,14.39,1,36,13.69,1,36,4.59,546,180,117.78,,1685732,14166,61150,6885
Randy Young,489,2,0.00409,22.99,1,36,22.0,1,39,0.09,46,11,15.02,0.02,763566,11931,20313,6900
Raul Flores,2,0,0.0,23.5,20,27,21.0,18,24,0.0,0,0,100.0,,4325,2163,2625,1700
Ray Ciccarelli,52,0,0.0,32.92,16,40,28.69,9,40,0.02,1,1,8.6,0.0,0,,,
Ray Evernham,25,0,0.0,24.4,2,34,26.16,16,36,0.0,0,0,84.52,,241891,9676,15815,6190
Ray Hackett,17,0,0.0,26.88,15,35,26.47,15,34,0.18,3,3,53.47,,176790,10399,12705,7275
Ray Montgomery,50,0,0.0,25.94,2,35,23.48,12,36,0.02,1,1,92.66,,480832,9617,16265,5565
Raymond Scanlan,14,0,0.0,23.57,10,34,21.79,14,35,0.0,0,0,97.64,,80325,5738,13300,3050
"Raymond Terczak, Jr.",3,0,0.0,32.33,30,35,32.67,31,35,0.0,0,0,11.33,,24525,8175,9690,7150
Raynard McGlynn,44,0,0.0,30.0,22,36,27.75,11,35,0.0,0,0,79.75,,325325,7394,13292,4205
Rich Bickle,2,0,0.0,15.0,12,18,21.5,7,36,0.0,0,0,100.5,,11140,5570,6300,4840
Rich Woodard,25,0,0.0,28.12,18,35,24.24,14,36,0.12,3,3,90.48,,246128,9845,14740,5547
Richard Balestrieri,6,0,0.0,26.67,14,35,26.17,16,31,0.0,0,0,84.5,,26750,4458,8525,1325
Richard Childress,322,31,0.09627,9.31,1,33,10.27,1,36,16.1,5183,248,84.07,,4927882,15304,60300,1600
Richard Thompson,7,0,0.0,29.0,22,36,25.14,20,33,0.0,0,0,87.57,,61250,8750,11280,7475
Richard Woodland,5,0,0.0,27.0,20,34,25.6,14,35,0.0,0,0,86.2,,45660,9132,12540,6615
Richie Wauters,45,0,0.0,17.11,2,36,18.8,4,33,0.33,15,8,23.76,0.0,456530,10870,17025,5540
Rick Bogart,2,0,0.0,29.0,26,32,32.5,31,34,0.0,0,0,65.5,,16045,8023,9605,6440
Rick Hendrick,225,26,0.11556,7.4,1,33,8.79,1,36,23.75,5344,196,140.68,,3764467,16731,84725,1400
Rick Jones,32,0,0.0,27.19,12,36,29.94,20,36,0.06,2,2,50.13,,268745,8398,11980,5975
Rick Lind,1,0,0.0,31.0,31,31,34.0,34,34,0.0,0,0,10.0,,7580,7580,7580,7580
Rick McCray,30,0,0.0,26.57,14,40,25.17,11,36,0.1,3,3,87.67,,189477,6316,12350,3150
Rick Tennis,1,0,0.0,32.0,32,32,27.0,27,27,0.0,0,0,82.0,,5365,5365,5365,5365
Rick Ware,247,0,0.0,27.76,8,36,24.84,6,36,0.13,32,8,80.17,0.0,2203987,9033,19500,5065
Ricky Benton,81,0,0.0,21.01,8,36,18.19,3,36,0.3,24,21,24.11,0.0,567634,10512,36500,6775
Rob Ferguson,15,0,0.0,34.53,23,36,29.93,9,36,0.0,0,0,69.47,,131675,8778,17850,6115
Rob Fuller,6,0,0.0,23.0,16,28,27.33,19,35,0.0,0,0,81.0,,52285,8714,12385,6355
Rob Grimm,1,0,0.0,22.0,22,22,30.0,30,30,0.0,0,0,73.0,,7655,7655,7655,7655
Rob Morgan,10,0,0.0,15.7,5,35,13.6,3,31,5.3,53,49,127.0,,105560,10556,16875,6640
Rob Morgan / David Dollar,26,3,0.11538,11.04,3,34,7.5,1,33,16.81,437,118,147.23,,482370,18553,44950,5815
Rob Rizzo,18,0,0.0,21.83,6,35,23.33,6,39,0.0,0,0,93.5,,109900,6106,10125,4000
Robbie Brand,1,0,0.0,35.0,35,35,27.0,27,27,0.0,0,0,82.0,,8080,8080,8080,8080
Robby Benton,22,0,0.0,19.77,8,30,18.5,4,32,0.0,0,0,23.68,,240045,10911,23200,7140
Robert Allen,2,0,0.0,33.5,31,36,31.5,29,34,0.0,0,0,30.5,,10630,5315,5440,5190
Robert Cowen,4,0,0.0,34.5,33,36,31.75,28,36,0.0,0,0,67.75,,31380,7845,9035,7360
Robert Johnson,2,0,0.0,20.5,19,22,17.5,15,20,0.0,0,0,26.5,,17980,8990,9185,8795
Robert Long,19,0,0.0,17.05,5,28,20.74,3,35,0.0,0,0,98.84,,151295,7963,17725,4915
"Robert Richardson, Sr.",21,0,0.0,33.05,27,36,29.33,16,36,0.0,0,0,75.0,,183229,8725,16485,6240
Robert Torriere,2,0,0.0,19.0,6,32,18.5,5,32,2.0,4,4,20.0,,17300,17300,17300,17300
Rod Sieg,251,0,0.0,26.35,7,36,26.57,6,36,0.09,22,8,34.11,,2362918,9414,15885,5960
Rodney Sawyers,12,0,0.0,24.67,12,35,20.83,15,33,0.0,0,0,100.5,,98955,8246,11215,5290
Rodney Smith,39,0,0.0,28.56,15,36,23.92,4,36,0.03,1,1,91.59,,362290,9289,25800,5240
Roger Penske,10,0,0.0,14.9,7,25,16.7,4,33,0.0,0,0,114.4,,44875,4488,6750,3150
"Ron Barfield, Jr.",1,0,0.0,20.0,20,20,17.0,17,17,0.0,0,0,112.0,,13192,13192,13192,13192
Ron Crosby,24,0,0.0,26.71,18,36,24.42,8,33,0.0,0,0,55.46,,228660,9528,12900,6540
"Ron Hornaday, Jr.",13,0,0.0,26.92,12,38,21.62,11,30,0.0,0,0,98.15,,103275,7944,12550,4800
Ron Jones,13,0,0.0,27.92,23,36,26.85,17,36,0.0,0,0,82.46,,106370,8182,11190,5715
Ron Keselowski,102,2,0.01961,18.23,3,36,18.16,1,36,1.53,156,82,109.69,,705193,6914,34175,1800
Ron Norick,168,0,0.0,20.1,3,40,19.4,3,36,0.11,18,5,105.4,,1430652,8516,27650,3555
Ron Rhodes,8,0,0.0,31.0,25,35,25.5,20,32,0.0,0,0,86.5,,67295,8412,11490,6915
Ronnie Newman,3,0,0.0,32.33,29,36,29.33,27,32,0.0,0,0,75.0,,17830,5943,6665,4940
Roper Racing,66,0,0.0,25.21,3,37,23.95,3,40,0.02,1,1,12.36,0.0,0,,,
Rudy Proctor,1,0,0.0,10.0,10,10,20.0,20,20,0.0,0,0,103.0,,4575,4575,4575,4575
Russell Kersh,27,0,0.0,20.74,6,35,19.78,8,35,0.07,2,2,104.0,,249675,9247,14620,6195
Sam Beatty,1,0,0.0,24.0,24,24,36.0,36,36,0.0,0,0,55.0,,4600,4600,4600,4600
Sam Rensi,3,0,0.0,21.0,17,28,28.0,21,35,0.0,0,0,79.0,,25770,8590,11165,6340
Sammy Potashnick,3,0,0.0,28.67,28,29,25.33,19,31,0.0,0,0,87.0,,24325,8108,12200,5450
Samuel Pearce,2,0,0.0,28.5,26,31,25.5,23,28,0.0,0,0,18.5,,17225,8613,9850,7375
Scoop Vessels,24,0,0.0,14.5,2,32,19.42,2,36,0.42,10,7,105.5,,78150,3256,15100,1500
Scott Glynn,18,0,0.0,20.44,3,36,18.89,4,35,0.0,0,0,103.83,,164900,9161,15400,6190
Scott Osteen,3,0,0.0,28.67,24,36,26.67,24,29,0.0,0,0,10.33,0.0,0,,,
Scott Upshaw,8,0,0.0,29.63,20,34,26.75,22,33,0.0,0,0,74.75,,62310,7789,10950,5540
Scott Williams,1,0,0.0,25.0,25,25,27.0,27,27,0.0,0,0,82.0,,6965,6965,6965,6965
Shane Lamb,9,0,0.0,21.78,17,30,21.0,14,29,0.0,0,0,16.0,0.0,0,,,
Shigeaki Hattori,209,14,0.06699,12.73,1,35,13.57,1,35,5.06,1058,76,28.11,0.44,20670,10335,12035,8635
Spencer Davis,26,0,0.0,29.15,19,39,22.0,11,40,0.0,0,0,14.73,0.0,0,,,
Spire Motorsports,59,5,0.08475,13.22,1,33,15.66,1,35,9.92,585,138,14.93,0.08,0,,,
Stacy Compton,79,0,0.0,19.37,1,36,18.39,2,36,0.87,69,30,26.01,,879591,11134,32350,6702
Stacy Holmes,55,0,0.0,25.8,6,40,21.42,3,37,0.65,36,13,14.78,0.0,0,,,
Stanley Rowland,5,0,0.0,30.8,27,36,27.6,22,36,0.0,0,0,80.2,,41170,8234,9740,6590
Stanton Barrett,1,0,0.0,21.0,21,21,29.0,29,29,0.0,0,0,0.0,,14106,14106,14106,14106
Steve Chick,13,0,0.0,30.77,24,36,22.77,15,35,0.0,0,0,86.54,,130520,10040,14340,7240
Steve Coulter,115,8,0.06957,10.43,1,34,12.29,1,37,8.93,1027,139,132.62,,1812020,15757,75800,3450
Steve Lucore,8,0,0.0,29.5,20,38,27.0,23,34,0.0,0,0,82.0,,48725,6091,9500,4750
Steve McEachern,5,0,0.0,25.0,22,30,21.2,15,28,0.0,0,0,99.4,,11100,2220,3425,1200
Steve McGowan,6,0,0.0,18.5,5,27,15.67,7,29,0.67,4,3,29.17,,54900,9150,11675,7325
Steve Portenga,23,0,0.0,23.7,13,35,21.17,8,34,0.0,0,0,99.65,,226930,9867,16525,6290
Steve Prescott,23,0,0.0,21.35,7,32,17.3,6,28,0.0,0,0,111.52,,215295,9361,16450,5490
Steve Stallings,18,0,0.0,17.28,7,36,20.72,6,35,0.0,0,0,96.06,,201305,11184,20855,6380
Steve Turner,342,11,0.03216,10.78,1,35,12.62,1,36,7.25,2480,187,43.85,,4876579,14259,57095,5916
Steve Urvan,49,0,0.0,16.98,1,33,17.53,4,36,0.57,28,12,112.24,,561104,11451,28800,6050
Steven Lane,104,0,0.0,24.47,4,36,21.75,2,38,0.0,0,0,13.3,0.0,0,,,
Steven Sellers,8,0,0.0,23.38,9,31,23.75,13,33,0.0,0,0,91.75,,37950,4744,10200,1700
Susan Combs,6,0,0.0,16.17,4,32,21.83,13,31,0.0,0,0,97.5,,22400,3733,8450,1450
T.J. Clark,30,0,0.0,25.67,13,38,24.33,12,40,0.0,0,0,90.0,,111836,3728,11550,1200
Tad Geschickter,56,0,0.0,17.41,1,35,20.75,2,36,1.46,82,49,102.45,,676738,12085,40875,6550
Tam Topham,1,0,0.0,29.0,29,29,36.0,36,36,0.0,0,0,55.0,,5330,5330,5330,5330
Tammy Jo Kirk,13,0,0.0,26.23,20,34,23.77,13,36,0.0,0,0,91.69,,97050,7465,12075,5045
Tammy Provence,4,0,0.0,29.25,28,31,24.25,20,29,0.0,0,0,65.25,,35771,8943,12790,6845
Ted Phillips,2,0,0.0,30.5,25,36,31.0,29,33,0.0,0,0,70.0,,9900,4950,5375,4525
Terry Carroll,6,0,0.0,32.17,29,34,30.83,23,36,0.0,0,0,6.17,0.0,0,,,
Tex Powell,2,0,0.0,23.0,11,35,32.0,32,32,0.0,0,0,67.0,,20205,10103,11865,8340
Thee Dixon,14,0,0.0,23.93,9,33,25.57,19,31,0.0,0,0,80.21,,62420,4459,9815,1450
Theresa Williams,1,0,0.0,32.0,32,32,34.0,34,34,0.0,0,0,10.0,,7715,7715,7715,7715
Thomas Stump,1,0,0.0,38.0,38,38,15.0,15,15,0.0,0,0,118.0,,5750,5750,5750,5750
Tibbetts Lumber,1,0,0.0,31.0,31,31,5.0,5,5,0.0,0,0,32.0,0.0,0,,,
"Tim Bainey, Sr.",4,0,0.0,29.5,21,36,24.25,15,31,0.25,1,1,91.5,,38975,9744,13680,8305
Tim Beverley,3,0,0.0,4.67,3,7,18.67,16,23,0.0,0,0,107.0,,25425,8475,10300,5875
Tim Buckley,13,0,0.0,25.69,12,36,25.15,15,34,0.0,0,0,87.54,,77850,5988,12165,4225
Tim Nooner,2,0,0.0,21.5,15,28,21.0,14,28,0.0,0,0,100.0,,4100,2050,2700,1400
Tim Self,123,0,0.0,20.97,7,36,19.55,2,38,0.01,1,1,16.72,0.0,0,,,
Tim Woods,3,0,0.0,27.33,24,29,28.33,25,31,0.0,0,0,54.67,,17295,5765,6865,4790
Timmy Hill,118,0,0.0,26.85,11,38,21.06,2,35,0.07,8,2,14.69,0.0,0,,,
Todd Braun,7,0,0.0,16.43,3,22,21.57,7,32,0.0,0,0,14.57,,35470,11823,13982,8290
Todd Shafer,1,0,0.0,36.0,36,36,36.0,36,36,0.0,0,0,0.0,,7308,7308,7308,7308
Tohatsu America,1,0,0.0,28.0,28,28,27.0,27,27,0.0,0,0,10.0,0.0,0,,,
Tom DeLoach,532,16,0.03008,12.81,1,32,13.6,1,35,4.22,2244,204,65.23,0.0,7168727,15060,85425,5615
Tom Eldredge,35,0,0.0,25.11,2,35,22.46,3,36,2.69,94,74,97.23,,371112,10603,46115,5365
Tom Gloy,60,0,0.0,18.8,1,37,18.43,2,38,1.55,93,34,108.85,,477685,7961,20305,4625
Tom Mazzuchi,78,0,0.0,30.74,13,36,30.99,17,36,0.0,0,0,70.04,,569660,7303,11590,4205
Tom Mitchell,404,5,0.01238,13.75,1,35,13.5,1,38,4.2,1696,127,126.1,,5493009,13597,84585,4800
Tom Pistone,1,0,0.0,19.0,19,19,26.0,26,26,0.0,0,0,85.0,,5390,5390,5390,5390
Tom Powers,26,0,0.0,32.77,27,36,26.23,16,35,0.0,0,0,84.31,,230265,8856,13265,5240
Tommy Archer,3,0,0.0,26.67,21,31,18.33,10,27,0.0,0,0,108.33,,7000,2333,3100,1700
Tony Townley,59,1,0.01695,13.27,1,26,17.08,1,35,0.75,44,23,21.56,,560576,15572,45845,6525
Tracy Cline,1,0,0.0,32.0,32,32,29.0,29,29,0.0,0,0,76.0,,6165,6165,6165,6165
Tracy Lowe,25,0,0.0,25.0,18,32,22.2,13,32,0.0,0,0,13.72,0.0,0,,,
Tracy Trotter,3,0,0.0,28.67,21,36,22.67,20,26,0.0,0,0,95.0,,23825,7942,8100,7750
Tracy Wallace,9,0,0.0,24.11,13,33,25.11,11,34,0.0,0,0,15.89,0.0,43132,8626,14252,6305
Trevor Boys,5,0,0.0,33.0,25,36,31.4,26,36,0.0,0,0,17.0,,45190,9038,12345,6255
Trey Hutchens,11,0,0.0,32.91,24,40,30.55,16,36,0.0,0,0,7.18,0.0,0,,,
Troy Baird,1,0,0.0,26.0,26,26,14.0,14,14,0.0,0,0,121.0,,8190,8190,8190,8190
True Dee Paques,1,0,0.0,18.0,18,18,15.0,15,15,0.0,0,0,118.0,,4625,4625,4625,4625
Valerie Yurek,1,0,0.0,28.0,28,28,27.0,27,27,0.0,0,0,82.0,,7600,7600,7600,7600
Walker Evans,98,0,0.0,21.97,4,37,20.24,2,37,0.0,0,0,103.07,,601488,6138,37000,1200
Walter Lane,2,0,0.0,29.0,29,29,23.5,22,25,0.0,0,0,92.5,,4100,2050,2200,1900
Wayne Dokken,26,0,0.0,20.54,2,33,22.0,7,35,0.0,0,0,97.27,,123090,4734,10600,1400
Wayne Jacks,8,0,0.0,22.63,8,36,23.0,14,34,0.0,0,0,94.0,,19545,2792,4895,1425
Wayne Spears,317,4,0.01262,14.98,1,36,16.01,1,36,1.4,443,59,117.31,,3315715,10460,54210,1900
Wilbur Bunce,9,0,0.0,24.78,15,38,24.33,13,34,0.0,0,0,90.0,,54290,6032,12950,1950
William Bishop,5,0,0.0,30.0,28,32,21.2,9,33,0.0,0,0,99.8,,67380,13476,15285,10950
William Grubb,7,0,0.0,23.43,13,32,26.43,18,36,0.0,0,0,83.71,,34000,4857,6100,3750
William Lee,6,0,0.0,32.17,29,36,22.5,17,30,0.0,0,0,95.5,,56190,9365,11890,5615
William Martel,7,0,0.0,29.71,25,33,22.71,19,27,0.0,0,0,16.43,,56503,9417,14393,7025
William Richardson,1,0,0.0,28.0,28,28,27.0,27,27,0.0,0,0,82.0,,8320,8320,8320,8320
William Rose,2,0,0.0,28.0,27,29,18.0,17,19,0.0,0,0,109.0,,10500,5250,5275,5225
Wilson Bagwell,3,0,0.0,32.0,31,33,30.67,30,31,0.0,0,0,71.0,,18065,6022,6575,4940
Wood Brothers,77,0,0.0,17.23,1,35,19.81,3,36,1.99,153,49,104.96,,902023,11715,25325,6058
